feature_name,version,created_at,description,source_columns,transform_summary,business_rationale,parameters,parquet_path,is_latest
recency_days,1,2026-10-09T07:25:47.255544+00:00,Days elapsed since the most recent transaction prior to as_of date.,data/transactions.db:transactions.txn_timestamp,(as_of - max(txn_timestamp)).days; zero-activity defaulted to 999.0,Measures temporal disengagement; long lapses in purchasing cadence indicate imminent churn risk.,{},feature_store/values/recency_days__v1.parquet,1
txn_count_90d,1,2026-10-09T07:25:47.284745+00:00,"Count of transactions in trailing 90-day window [as_of - 90d, as_of).",data/transactions.db:transactions.txn_timestamp,count(*) where as_of - 90d <= txn_timestamp < as_of; zero-activity defaulted to 0,Captures quarterly purchasing frequency; sudden drops precede complete account abandonment.,"{""window_days"": 90}",feature_store/values/txn_count_90d__v1.parquet,1
recent_spend_90d,1,2026-10-09T07:25:47.314027+00:00,Total net spend on non-returned orders in trailing 90 days.,"data/transactions.db:transactions.amount,txn_timestamp,is_returned",sum(amount) where is_returned==0 and within 90d window; zero-activity defaulted to 0.0,Monetary wallet-share decay signals customer migration to competitors.,{},feature_store/values/recent_spend_90d__v1.parquet,1
active_months_12m,1,2026-10-09T07:25:47.346753+00:00,Count of distinct active calendar months in trailing 12 months.,data/transactions_monthly_agg.parquet:txn_month,count(distinct txn_month) where within trailing 365d; zero-activity defaulted to 0,Measures habituation consistency across annual cycle; sporadic engagement indicates churn susceptibility.,{},feature_store/values/active_months_12m__v1.parquet,1
return_rate_90d,1,2026-10-09T07:25:47.380571+00:00,Proportion of orders returned in trailing 90 days.,"data/transactions.db:transactions.is_returned,txn_timestamp",sum(is_returned)/count(*) over trailing 90d; zero-activity defaulted to 0.0,Elevated return rates reflect product mismatch or fulfillment friction preceding churn.,{},feature_store/values/return_rate_90d__v1.parquet,1
customer_tenure_days,1,2026-10-09T07:25:47.413271+00:00,Account age in days as of evaluation date.,data/customers.csv:signup_date,(as_of - signup_date).days,"Controls for lifecycle baseline hazard rate, separating early onboarding attrition from mature customer churn.",{},feature_store/values/customer_tenure_days__v1.parquet,1
txn_count_window,1,2026-10-09T07:25:47.449502+00:00,Transaction frequency over trailing window parameter.,data/transactions.db:transactions.txn_timestamp,count(*) where as_of - window_days <= txn_timestamp < as_of,v1 uses 90-day quarterly window to establish baseline transaction cadence.,"{""window_days"": 90}",feature_store/values/txn_count_window__v1.parquet,0
txn_count_window,2,2026-10-09T07:25:47.485786+00:00,Transaction frequency over trailing window parameter.,data/transactions.db:transactions.txn_timestamp,count(*) where as_of - window_days <= txn_timestamp < as_of,v2 shortens window to 30 days to detect acute purchasing collapse for rapid churn intervention.,"{""window_days"": 30}",feature_store/values/txn_count_window__v2.parquet,1
recent_spend_adjusted,1,2026-10-09T07:25:47.560708+00:00,Recent 90-day net spend scaled by repeat purchase multiplier for loyal buyers.,"data/transactions.db:transactions.amount,txn_timestamp,is_returned",sum(amount) * multiplier if order_count >= 2 else sum(amount),v1 tests 2.0x weight on returning customers with multiple orders.,"{""repeat_purchase_multiplier"": 2.0, ""window_days"": 90}",feature_store/values/recent_spend_adjusted__v1.parquet,0
recent_spend_adjusted,2,2026-10-09T07:25:47.621493+00:00,Recent 90-day net spend scaled by repeat purchase multiplier for loyal buyers.,"data/transactions.db:transactions.amount,txn_timestamp,is_returned",sum(amount) * multiplier if order_count >= 2 else sum(amount),v2 recalibrates multiplier to 2.25 after observing underweighted value in returning distribution.,"{""repeat_purchase_multiplier"": 2.25, ""window_days"": 90}",feature_store/values/recent_spend_adjusted__v2.parquet,1
