customer_id,signup_date,acquisition_channel,region,churned
1,2026-04-16,organic,east,1
2,2024-08-28,organic,east,0
3,2024-12-10,organic,west,1
4,2025-06-16,paid_search,west,1
5,2025-06-21,paid_search,north,0
6,2024-06-16,organic,south,0
7,2026-04-19,organic,south,0
8,2024-11-03,social,east,0
9,2026-01-08,organic,south,0
10,2026-04-12,paid_search,west,0
11,2025-03-31,referral,south,0
12,2024-03-06,organic,east,0
13,2024-09-30,organic,north,1
14,2024-09-08,organic,west,0
15,2024-10-16,social,west,0
16,2024-08-18,organic,west,1
17,2025-04-12,organic,south,0
18,2026-03-13,organic,north,0
19,2024-07-02,organic,east,0
20,2025-06-06,paid_search,south,0
21,2025-04-23,organic,west,0
22,2025-08-14,paid_search,east,0
23,2026-01-25,paid_search,east,1
24,2024-04-17,referral,west,0
25,2024-08-22,organic,west,0
26,2024-12-19,referral,south,0
27,2025-07-17,paid_search,north,0
28,2024-07-17,organic,north,0
29,2025-03-15,referral,south,0
30,2025-06-12,referral,east,0
31,2025-06-06,organic,north,0
32,2025-12-17,social,north,0
33,2026-04-13,paid_search,east,0
34,2025-03-07,paid_search,west,0
35,2024-05-21,social,north,0
36,2026-05-08,organic,east,0
37,2024-06-16,referral,north,1
38,2024-07-12,organic,east,0
39,2025-11-04,referral,west,0
40,2024-12-30,paid_search,west,0
41,2026-02-09,organic,east,0
42,2024-09-11,paid_search,east,0
43,2024-10-31,organic,west,0
44,2025-08-28,organic,east,0
45,2026-05-04,organic,south,0
46,2024-03-10,organic,west,0
47,2025-06-10,organic,east,0
48,2024-05-16,organic,west,0
49,2024-11-20,referral,east,0
50,2024-08-24,referral,west,0
51,2024-09-09,referral,north,0
52,2026-01-14,organic,north,0
53,2025-08-20,referral,north,0
54,2025-05-22,paid_search,east,0
55,2025-04-25,organic,east,0
56,2026-05-25,organic,north,0
57,2025-03-14,paid_search,north,0
58,2026-02-18,organic,west,1
59,2024-09-24,paid_search,west,0
60,2024-11-15,social,east,0
61,2024-04-21,organic,south,0
62,2024-09-23,organic,south,1
63,2025-08-18,social,north,0
64,2024-03-13,paid_search,north,0
65,2025-07-10,organic,west,0
66,2025-09-22,referral,south,0
67,2024-05-06,referral,east,0
68,2025-08-14,paid_search,east,0
69,2026-04-27,paid_search,south,0
70,2025-05-20,organic,north,0
71,2024-08-09,organic,east,0
72,2026-01-19,paid_search,north,0
73,2025-05-26,organic,south,0
74,2026-03-11,paid_search,west,0
75,2024-11-12,referral,east,0
76,2025-05-15,organic,west,0
77,2025-09-18,paid_search,north,0
78,2025-12-17,organic,north,0
79,2025-02-26,referral,south,0
80,2024-11-27,organic,south,0
81,2024-04-05,paid_search,north,0
82,2025-06-17,paid_search,west,0
83,2026-02-13,organic,north,0
84,2024-07-08,paid_search,east,0
85,2025-01-01,referral,east,0
86,2024-10-31,paid_search,east,0
87,2026-04-09,referral,north,0
88,2025-10-04,social,south,0
89,2024-09-02,paid_search,east,0
90,2024-07-08,paid_search,south,0
91,2025-06-19,organic,east,0
92,2024-08-01,referral,north,1
93,2024-06-30,paid_search,north,0
94,2025-07-30,paid_search,east,0
95,2024-05-12,organic,east,1
96,2025-10-25,referral,north,0
97,2025-12-06,organic,west,0
98,2024-11-16,paid_search,north,0
99,2024-12-26,organic,west,0
100,2026-03-03,social,east,1
101,2024-07-08,organic,west,0
102,2026-01-10,organic,west,0
103,2024-08-01,referral,south,1
104,2026-06-26,social,west,1
105,2024-08-08,organic,north,0
106,2024-08-17,paid_search,south,0
107,2024-08-23,referral,north,0
108,2024-12-01,referral,south,0
109,2025-05-18,organic,west,0
110,2024-10-27,paid_search,south,0
111,2025-11-03,referral,north,0
112,2024-08-22,referral,south,0
113,2025-03-06,referral,west,1
114,2025-05-29,paid_search,east,0
115,2025-04-19,organic,east,1
116,2025-02-23,social,south,0
117,2026-05-31,referral,south,1
118,2026-03-03,referral,east,0
119,2025-12-01,organic,east,0
120,2026-03-25,organic,west,0
121,2025-06-15,referral,east,0
122,2024-11-28,organic,west,0
123,2024-12-10,social,west,0
124,2025-05-19,organic,north,0
125,2024-06-19,referral,south,0
126,2025-02-26,referral,south,0
127,2026-04-25,organic,north,0
128,2024-09-05,organic,north,0
129,2025-02-18,paid_search,west,0
130,2024-12-27,paid_search,south,0
131,2025-02-26,paid_search,north,0
132,2025-03-08,paid_search,south,0
133,2026-04-15,social,south,1
134,2025-03-03,paid_search,north,0
135,2024-08-10,organic,north,0
136,2025-10-11,organic,west,0
137,2025-01-24,organic,west,0
138,2026-06-06,organic,south,1
139,2025-09-03,organic,east,0
140,2025-06-18,paid_search,west,0
141,2024-02-29,organic,west,0
142,2025-12-28,social,north,0
143,2025-11-04,organic,west,0
144,2025-07-12,organic,north,0
145,2024-02-20,referral,north,0
146,2024-06-20,referral,south,0
147,2026-06-02,organic,east,0
148,2025-12-11,organic,north,0
149,2024-07-18,organic,south,0
150,2026-05-13,paid_search,south,0
151,2024-06-18,paid_search,south,0
152,2025-10-31,organic,west,0
153,2024-04-25,organic,south,0
154,2025-10-20,paid_search,north,0
155,2025-06-20,social,north,0
156,2024-12-04,paid_search,north,0
157,2026-03-15,paid_search,north,0
158,2025-03-05,organic,east,1
159,2025-04-19,organic,south,1
160,2024-08-20,organic,south,0
161,2024-02-17,referral,west,0
162,2024-12-02,referral,east,0
163,2025-07-12,social,north,0
164,2025-07-14,social,south,0
165,2025-07-04,social,south,0
166,2024-07-24,social,west,0
167,2025-09-26,organic,south,0
168,2026-02-07,organic,north,0
169,2025-09-15,organic,east,0
170,2026-06-13,paid_search,south,0
171,2026-04-01,organic,north,0
172,2026-04-15,referral,east,0
173,2024-08-30,paid_search,north,0
174,2024-10-12,paid_search,west,0
175,2024-11-03,organic,west,0
176,2025-05-27,organic,south,0
177,2024-10-17,organic,east,0
178,2026-02-12,referral,east,0
179,2024-05-10,paid_search,east,0
180,2025-04-23,referral,north,0
181,2024-04-07,organic,south,1
182,2026-02-20,organic,north,0
183,2025-04-26,paid_search,east,0
184,2024-11-04,referral,north,0
185,2025-04-27,referral,east,0
186,2025-06-09,organic,east,0
187,2026-02-08,social,west,0
188,2025-08-05,organic,south,0
189,2025-12-07,referral,north,0
190,2025-10-13,organic,east,0
191,2024-11-15,organic,north,0
192,2024-12-31,referral,north,0
193,2025-01-20,organic,west,1
194,2025-08-22,paid_search,west,0
195,2024-03-20,paid_search,east,0
196,2026-04-17,organic,west,0
197,2025-09-07,referral,north,0
198,2026-03-22,referral,north,0
199,2025-09-11,referral,south,0
200,2024-03-18,organic,north,0
201,2025-08-18,paid_search,west,0
202,2024-05-03,organic,north,0
203,2025-04-28,organic,east,1
204,2024-11-01,organic,west,0
205,2025-05-31,social,east,0
206,2025-11-13,referral,north,0
207,2024-09-06,referral,south,1
208,2024-03-11,paid_search,east,0
209,2025-11-15,paid_search,west,0
210,2024-08-24,paid_search,south,0
211,2025-11-17,paid_search,south,0
212,2024-10-17,paid_search,west,0
213,2024-08-15,organic,west,0
214,2025-06-07,organic,south,0
215,2024-09-29,social,north,0
216,2025-11-08,paid_search,east,0
217,2026-04-25,social,west,0
218,2026-04-10,organic,west,0
219,2025-06-09,paid_search,south,0
220,2024-05-08,organic,north,0
221,2026-03-14,organic,east,0
222,2025-06-01,organic,west,0
223,2024-10-28,organic,west,0
224,2026-01-07,social,north,0
225,2024-10-13,organic,south,0
226,2025-10-09,paid_search,south,0
227,2024-07-29,paid_search,north,0
228,2025-02-14,paid_search,west,0
229,2025-03-14,paid_search,north,0
230,2026-01-30,organic,east,0
231,2025-05-26,social,west,0
232,2024-06-17,referral,east,0
233,2026-06-16,referral,west,1
234,2024-09-11,paid_search,south,0
235,2025-04-30,organic,west,0
236,2024-10-15,social,south,0
237,2024-12-02,organic,north,0
238,2025-06-22,organic,south,0
239,2025-10-07,organic,south,0
240,2025-01-03,referral,east,0
241,2026-03-03,paid_search,south,0
242,2025-02-09,referral,south,1
243,2026-04-11,referral,south,1
244,2024-12-14,organic,south,0
245,2025-01-01,social,east,0
246,2026-04-20,paid_search,south,1
247,2024-09-11,paid_search,west,1
248,2025-07-06,organic,south,0
249,2024-08-17,social,west,0
250,2026-05-27,organic,south,1
251,2026-01-27,organic,north,0
252,2025-04-29,paid_search,north,0
253,2026-01-20,organic,west,1
254,2025-09-19,organic,west,1
255,2024-12-05,paid_search,north,0
256,2026-02-27,organic,east,0
257,2024-11-20,social,east,0
258,2026-04-04,organic,north,1
259,2026-01-31,referral,south,0
260,2025-02-06,paid_search,east,0
261,2024-08-11,paid_search,west,0
262,2026-02-04,paid_search,west,0
263,2025-10-15,paid_search,north,0
264,2024-04-19,social,north,0
265,2024-02-22,organic,south,0
266,2025-02-12,organic,north,0
267,2025-06-09,paid_search,east,0
268,2025-09-04,referral,north,0
269,2025-01-16,organic,north,0
270,2025-02-03,paid_search,north,0
271,2025-10-19,referral,south,0
272,2026-06-13,referral,west,1
273,2026-02-21,social,north,0
274,2024-03-21,paid_search,west,0
275,2025-07-04,paid_search,south,0
276,2025-05-09,organic,north,0
277,2025-05-22,social,south,0
278,2024-08-21,organic,east,0
279,2026-05-07,referral,north,1
280,2026-04-22,paid_search,north,0
281,2025-11-05,paid_search,west,0
282,2025-05-05,referral,east,0
283,2024-11-26,paid_search,south,0
284,2025-05-02,social,west,0
285,2025-06-14,paid_search,west,0
286,2024-04-08,paid_search,south,0
287,2026-02-12,organic,east,0
288,2025-02-20,paid_search,north,0
289,2025-03-18,paid_search,south,0
290,2025-05-17,organic,east,0
291,2024-07-30,organic,north,0
292,2025-11-12,paid_search,west,0
293,2024-03-25,paid_search,west,0
294,2025-09-17,paid_search,south,0
295,2025-03-15,organic,south,0
296,2025-04-06,organic,north,0
297,2024-06-23,organic,east,0
298,2025-06-16,referral,north,0
299,2025-10-28,referral,south,0
300,2026-06-14,organic,east,0
301,2025-08-20,paid_search,east,1
302,2024-07-14,organic,east,0
303,2026-06-24,organic,north,0
304,2024-05-14,organic,west,0
305,2025-03-17,organic,east,1
306,2026-03-02,paid_search,west,0
307,2025-10-13,social,south,0
308,2025-03-07,organic,west,0
309,2025-10-01,paid_search,south,0
310,2026-03-30,referral,west,0
311,2024-11-30,social,north,0
312,2024-11-25,paid_search,north,0
313,2026-03-21,organic,east,1
314,2025-10-31,paid_search,east,0
315,2025-12-02,organic,east,0
316,2024-12-06,social,south,0
317,2024-10-05,organic,west,0
318,2024-10-08,paid_search,south,0
319,2024-04-07,organic,east,0
320,2024-09-02,paid_search,west,0
321,2025-09-27,referral,east,0
322,2026-03-31,paid_search,east,0
323,2025-01-14,paid_search,west,0
324,2024-04-27,social,west,0
325,2024-03-06,referral,south,0
326,2025-12-14,organic,south,0
327,2025-12-09,paid_search,north,0
328,2026-05-31,paid_search,east,0
329,2026-03-02,paid_search,west,0
330,2025-03-07,organic,south,0
331,2025-03-14,organic,south,0
332,2025-08-14,social,north,0
333,2025-10-06,social,south,0
334,2024-07-11,referral,north,0
335,2025-05-28,social,west,0
336,2024-07-29,referral,east,0
337,2024-03-17,referral,north,0
338,2025-09-30,referral,north,0
339,2026-01-07,paid_search,west,0
340,2024-03-25,paid_search,west,0
341,2024-12-27,organic,west,0
342,2025-10-22,paid_search,north,0
343,2025-01-07,organic,north,0
344,2025-04-10,organic,north,0
345,2024-05-06,paid_search,west,0
346,2025-11-22,paid_search,west,0
347,2024-02-21,organic,west,0
348,2024-04-09,referral,north,0
349,2026-01-26,referral,north,0
350,2026-02-09,organic,west,0
351,2025-03-26,organic,west,0
352,2026-05-24,organic,east,0
353,2025-10-16,referral,north,0
354,2025-06-19,referral,north,0
355,2024-03-11,organic,north,0
356,2024-02-20,referral,east,0
357,2026-02-21,organic,west,0
358,2024-05-18,organic,east,1
359,2026-04-14,social,south,0
360,2024-09-19,organic,west,0
361,2024-06-27,organic,north,0
362,2024-05-19,paid_search,west,0
363,2025-12-20,paid_search,west,0
364,2024-05-16,social,east,0
365,2026-03-24,social,west,0
366,2025-04-07,organic,east,0
367,2025-05-20,organic,south,0
368,2025-10-01,referral,south,0
369,2026-06-13,organic,west,1
370,2024-08-30,referral,east,0
371,2025-09-14,paid_search,north,0
372,2024-12-04,organic,west,0
373,2025-07-11,referral,north,0
374,2025-08-11,organic,east,0
375,2024-05-22,paid_search,north,0
376,2026-04-11,paid_search,east,0
377,2024-09-30,paid_search,south,0
378,2024-09-21,paid_search,south,0
379,2025-08-06,paid_search,east,0
380,2025-11-16,social,west,0
381,2026-06-28,social,south,1
382,2024-04-08,paid_search,west,0
383,2024-03-30,organic,south,0
384,2025-12-05,referral,north,0
385,2026-06-05,social,north,0
386,2026-03-18,organic,north,0
387,2026-05-05,paid_search,east,1
388,2024-07-09,paid_search,east,0
389,2024-05-18,organic,south,0
390,2026-02-19,paid_search,south,0
391,2024-09-21,organic,west,0
392,2026-01-28,referral,east,0
393,2025-08-17,referral,north,0
394,2025-01-27,referral,north,0
395,2024-10-14,paid_search,south,0
396,2024-06-02,organic,south,0
397,2026-05-25,referral,west,0
398,2026-01-13,referral,east,0
399,2025-10-31,paid_search,west,0
400,2025-10-06,referral,east,1
401,2024-02-15,organic,south,0
402,2024-08-25,referral,east,0
403,2025-09-27,organic,east,0
404,2024-03-09,organic,east,1
405,2025-04-24,paid_search,north,0
406,2025-04-23,organic,east,1
407,2025-06-20,organic,south,0
408,2026-02-27,organic,west,0
409,2024-04-11,paid_search,west,0
410,2026-06-20,referral,east,1
411,2026-02-01,organic,west,0
412,2025-12-15,paid_search,east,0
413,2025-11-02,referral,north,0
414,2026-03-10,organic,east,0
415,2026-06-17,organic,west,0
416,2024-11-20,referral,north,0
417,2024-03-11,referral,north,0
418,2026-03-19,paid_search,south,1
419,2025-10-18,referral,west,0
420,2025-04-18,organic,east,0
421,2024-04-17,organic,west,0
422,2024-11-05,referral,west,0
423,2024-09-04,organic,east,0
424,2025-02-12,referral,east,0
425,2025-07-05,paid_search,south,0
426,2026-01-10,referral,north,0
427,2024-06-11,paid_search,south,0
428,2024-08-02,organic,east,0
429,2026-06-11,organic,north,1
430,2024-10-18,organic,north,0
431,2026-04-20,referral,north,1
432,2024-09-28,organic,east,0
433,2024-07-14,organic,west,0
434,2026-03-10,organic,west,0
435,2025-06-20,organic,south,0
436,2026-03-17,referral,east,1
437,2025-02-24,organic,west,0
438,2024-04-17,social,east,0
439,2026-04-23,organic,south,1
440,2025-07-22,paid_search,south,0
441,2024-03-08,paid_search,east,0
442,2025-10-14,organic,south,0
443,2026-03-09,referral,west,0
444,2025-05-03,social,west,0
445,2025-04-16,referral,north,0
446,2024-12-03,organic,east,1
447,2025-10-03,organic,south,0
448,2024-03-23,paid_search,east,0
449,2025-04-05,organic,south,0
450,2025-10-26,referral,south,0
451,2024-03-19,paid_search,south,0
452,2024-04-19,paid_search,north,0
453,2025-04-24,referral,west,0
454,2026-06-11,referral,north,1
455,2025-01-29,organic,south,0
456,2025-03-06,organic,north,0
457,2026-02-24,paid_search,north,0
458,2024-12-28,paid_search,south,0
459,2024-07-01,organic,west,0
460,2026-04-01,paid_search,west,0
461,2024-10-11,referral,south,0
462,2026-03-02,referral,east,0
463,2024-09-19,paid_search,west,0
464,2025-07-03,organic,north,1
465,2026-06-27,organic,west,0
466,2024-03-14,paid_search,north,0
467,2026-02-08,organic,north,0
468,2025-01-30,paid_search,south,0
469,2026-01-26,paid_search,north,0
470,2024-04-12,organic,west,0
471,2024-09-28,organic,west,0
472,2024-08-02,organic,south,0
473,2025-06-22,referral,west,0
474,2025-05-22,paid_search,west,0
475,2024-12-28,organic,west,0
476,2024-08-19,referral,west,0
477,2024-06-26,paid_search,east,0
478,2026-06-17,paid_search,north,0
479,2024-12-02,social,west,0
480,2026-03-30,organic,east,0
481,2025-10-25,organic,west,0
482,2024-07-11,paid_search,west,0
483,2025-11-27,organic,north,0
484,2024-08-08,paid_search,south,0
485,2025-05-26,organic,north,0
486,2025-12-12,organic,north,0
487,2025-09-15,organic,west,0
488,2025-03-28,paid_search,west,0
489,2024-09-05,organic,west,0
490,2025-01-21,organic,west,0
491,2024-04-12,referral,east,0
492,2024-06-08,organic,east,0
493,2024-09-15,organic,west,1
494,2025-01-24,organic,east,0
495,2025-10-23,organic,east,1
496,2025-07-09,organic,north,0
497,2026-03-21,paid_search,east,0
498,2025-08-11,organic,west,0
499,2024-04-17,referral,east,0
500,2025-06-27,social,south,0
501,2026-03-26,organic,north,0
502,2024-12-12,organic,north,0
503,2024-03-17,organic,east,0
504,2024-06-08,paid_search,east,0
505,2025-11-06,organic,west,0
506,2025-06-03,referral,west,0
507,2025-03-28,referral,south,1
508,2025-11-29,referral,west,0
509,2025-11-11,paid_search,east,0
510,2025-12-09,social,south,0
511,2024-02-18,organic,west,1
512,2024-09-21,paid_search,north,0
513,2024-07-01,organic,east,0
514,2024-07-22,social,west,0
515,2024-03-20,paid_search,east,0
516,2026-04-02,referral,west,0
517,2024-05-26,organic,north,0
518,2026-05-06,social,east,0
519,2025-05-15,paid_search,west,1
520,2025-01-31,paid_search,east,0
521,2025-08-25,social,west,0
522,2026-02-25,organic,south,0
523,2026-01-16,organic,east,0
524,2024-07-15,paid_search,south,0
525,2025-09-28,organic,west,1
526,2025-10-06,organic,north,0
527,2024-04-20,organic,south,0
528,2026-02-27,organic,north,0
529,2024-04-27,referral,east,0
530,2024-04-22,paid_search,north,0
531,2025-01-28,organic,south,0
532,2026-02-08,paid_search,west,0
533,2026-02-17,paid_search,south,0
534,2025-10-28,paid_search,north,1
535,2025-02-15,social,north,0
536,2026-02-19,social,north,1
537,2025-06-01,organic,west,0
538,2026-03-24,organic,east,0
539,2025-03-19,paid_search,west,0
540,2026-06-14,paid_search,north,1
541,2024-10-24,paid_search,south,0
542,2026-05-15,paid_search,north,0
543,2026-01-14,paid_search,south,0
544,2026-02-01,organic,east,0
545,2024-07-10,organic,west,0
546,2026-05-17,organic,south,1
547,2025-06-24,organic,west,0
548,2025-02-03,organic,east,0
549,2025-04-10,referral,south,1
550,2024-11-17,organic,west,0
551,2024-08-03,organic,south,0
552,2025-07-25,paid_search,north,1
553,2024-07-12,referral,west,0
554,2025-09-29,organic,west,0
555,2024-02-27,referral,north,0
556,2025-04-20,social,west,0
557,2024-09-30,paid_search,west,0
558,2024-06-01,paid_search,west,0
559,2024-08-12,organic,south,0
560,2024-06-22,social,east,0
561,2025-03-23,organic,east,0
562,2026-05-26,social,east,0
563,2025-04-30,paid_search,east,0
564,2026-01-26,organic,east,0
565,2024-05-20,organic,east,0
566,2025-12-09,paid_search,east,0
567,2025-12-16,paid_search,east,0
568,2025-11-28,organic,north,0
569,2024-12-20,referral,north,0
570,2025-02-21,referral,west,0
571,2024-03-29,paid_search,west,0
572,2025-07-05,paid_search,east,0
573,2025-10-30,organic,north,0
574,2026-05-21,referral,west,1
575,2026-06-26,organic,north,1
576,2025-08-11,referral,south,0
577,2024-04-18,organic,south,0
578,2025-04-03,paid_search,north,0
579,2024-05-16,organic,west,0
580,2026-04-05,organic,east,0
581,2026-04-12,referral,south,0
582,2024-07-07,paid_search,east,0
583,2026-04-01,paid_search,north,0
584,2026-05-18,social,south,0
585,2025-07-16,social,east,0
586,2024-04-19,referral,south,0
587,2024-11-10,organic,west,0
588,2026-04-07,paid_search,north,0
589,2024-07-04,referral,north,1
590,2024-06-29,organic,east,0
591,2024-08-05,organic,west,0
592,2024-05-08,referral,south,0
593,2025-12-06,paid_search,north,1
594,2024-03-02,paid_search,west,0
595,2025-09-26,social,south,0
596,2024-08-04,paid_search,north,0
597,2025-02-13,paid_search,east,0
598,2024-08-23,organic,south,0
599,2025-01-02,paid_search,west,0
600,2024-12-21,organic,south,0
601,2025-01-12,referral,east,0
602,2024-08-24,referral,east,0
603,2024-09-28,organic,north,0
604,2026-03-07,organic,south,0
605,2024-07-14,referral,north,0
606,2025-03-23,organic,east,0
607,2025-09-24,paid_search,west,0
608,2025-04-11,paid_search,west,0
609,2024-03-13,paid_search,south,0
610,2024-06-16,organic,south,0
611,2024-07-07,paid_search,east,0
612,2025-05-26,organic,east,1
613,2024-08-19,paid_search,west,0
614,2025-08-01,organic,north,0
615,2024-11-13,paid_search,north,0
616,2024-12-23,paid_search,south,0
617,2025-11-27,organic,south,0
618,2025-11-13,organic,south,0
619,2026-05-10,organic,west,0
620,2026-03-03,organic,north,1
621,2025-06-20,organic,west,0
622,2025-05-13,social,east,0
623,2026-02-09,paid_search,east,0
624,2025-07-05,referral,east,0
625,2025-01-23,social,north,0
626,2025-12-12,organic,east,0
627,2025-09-11,paid_search,north,1
628,2025-08-17,referral,east,0
629,2025-04-19,paid_search,east,0
630,2025-08-18,paid_search,east,0
631,2024-09-29,paid_search,south,0
632,2025-09-21,organic,south,1
633,2025-06-20,paid_search,south,0
634,2025-08-06,social,north,1
635,2026-01-24,social,east,0
636,2024-11-13,organic,north,0
637,2025-12-10,referral,south,0
638,2025-10-17,organic,east,0
639,2024-08-12,social,north,0
640,2024-03-29,organic,west,0
641,2024-11-26,social,south,1
642,2024-04-26,referral,north,0
643,2024-06-19,organic,east,0
644,2025-05-10,organic,east,1
645,2024-08-31,referral,east,0
646,2025-09-20,organic,west,0
647,2025-05-28,paid_search,south,0
648,2025-03-24,social,west,0
649,2024-03-19,paid_search,south,0
650,2024-06-24,organic,east,0
651,2025-05-03,paid_search,north,0
652,2024-12-12,organic,east,0
653,2026-01-07,social,south,0
654,2024-08-02,organic,east,0
655,2025-03-08,organic,west,0
656,2025-03-26,organic,west,0
657,2024-09-04,social,west,0
658,2024-12-29,organic,north,0
659,2026-04-30,referral,north,0
660,2025-10-25,referral,west,0
661,2026-01-30,referral,south,1
662,2024-10-01,social,north,0
663,2026-06-02,referral,south,0
664,2026-01-07,social,west,0
665,2025-01-29,organic,south,0
666,2024-11-05,referral,north,0
667,2025-04-21,paid_search,east,0
668,2024-06-14,paid_search,north,0
669,2024-04-24,referral,south,0
670,2026-03-10,social,north,0
671,2024-03-26,referral,east,0
672,2025-01-14,paid_search,south,0
673,2024-12-26,paid_search,west,0
674,2026-04-11,organic,south,1
675,2025-01-07,organic,north,0
676,2024-10-09,organic,north,0
677,2025-02-12,organic,north,0
678,2026-04-20,organic,south,0
679,2025-04-03,referral,north,1
680,2024-04-09,paid_search,south,0
681,2024-10-11,social,west,1
682,2026-03-05,paid_search,west,0
683,2024-03-19,organic,east,1
684,2024-03-20,organic,west,1
685,2026-02-05,organic,west,0
686,2024-08-05,social,east,0
687,2025-07-14,organic,west,0
688,2025-02-01,paid_search,north,0
689,2025-06-10,social,west,0
690,2024-08-21,social,south,0
691,2024-02-16,organic,east,0
692,2024-08-10,organic,west,0
693,2024-04-13,organic,south,0
694,2024-03-31,organic,north,0
695,2026-04-15,organic,south,0
696,2025-11-24,paid_search,south,0
697,2024-10-12,social,west,0
698,2025-02-04,paid_search,west,0
699,2026-05-20,paid_search,east,0
700,2026-04-11,organic,west,0
701,2025-04-06,referral,south,0
702,2025-01-12,paid_search,south,0
703,2026-02-07,referral,west,0
704,2026-02-03,social,east,0
705,2026-03-12,organic,east,1
706,2025-02-26,organic,south,0
707,2026-06-26,organic,east,1
708,2025-02-19,paid_search,west,0
709,2025-05-14,social,south,1
710,2025-05-23,organic,north,0
711,2024-11-19,referral,north,0
712,2025-04-04,paid_search,north,0
713,2024-10-07,organic,south,0
714,2024-09-06,organic,east,0
715,2024-04-23,paid_search,west,0
716,2024-08-06,paid_search,north,0
717,2025-04-08,paid_search,west,0
718,2025-04-30,organic,east,0
719,2025-12-09,referral,north,0
720,2025-01-27,organic,south,0
721,2026-03-03,social,south,0
722,2024-04-13,organic,west,0
723,2024-06-27,organic,west,0
724,2026-03-20,paid_search,west,0
725,2024-08-18,paid_search,east,0
726,2026-03-23,paid_search,south,0
727,2024-10-13,paid_search,south,0
728,2026-04-17,social,west,0
729,2025-05-04,paid_search,north,0
730,2024-12-07,paid_search,south,0
731,2024-10-06,paid_search,north,0
732,2025-07-03,organic,south,0
733,2024-04-22,paid_search,south,0
734,2024-08-28,organic,north,0
735,2026-01-02,paid_search,south,0
736,2024-11-26,organic,west,0
737,2024-10-05,social,east,0
738,2025-09-15,paid_search,west,0
739,2024-09-28,referral,west,0
740,2024-05-12,paid_search,west,0
741,2024-07-22,organic,south,0
742,2024-09-07,referral,west,0
743,2024-12-27,paid_search,west,0
744,2025-11-09,referral,west,0
745,2024-08-10,paid_search,south,0
746,2025-08-20,paid_search,north,0
747,2025-03-26,referral,east,0
748,2025-10-02,paid_search,west,0
749,2025-10-03,organic,west,0
750,2026-02-15,paid_search,east,0
751,2024-03-18,paid_search,north,0
752,2026-02-24,social,south,0
753,2026-04-18,organic,east,0
754,2024-04-09,paid_search,east,0
755,2025-03-07,referral,south,0
756,2025-06-17,paid_search,south,0
757,2024-09-29,referral,north,0
758,2025-08-03,paid_search,south,0
759,2026-03-13,organic,east,1
760,2024-10-06,referral,north,0
761,2026-01-30,organic,west,0
762,2025-03-08,organic,north,0
763,2024-03-29,paid_search,east,1
764,2024-04-09,referral,south,0
765,2025-08-23,referral,west,0
766,2024-08-23,organic,west,0
767,2025-01-15,organic,east,0
768,2025-05-11,social,east,1
769,2026-03-03,organic,east,0
770,2025-08-09,organic,east,1
771,2024-12-12,organic,north,1
772,2024-02-25,paid_search,south,0
773,2026-06-28,referral,north,1
774,2024-10-16,referral,south,0
775,2024-06-26,referral,east,0
776,2024-03-27,organic,north,1
777,2025-06-29,organic,north,0
778,2026-03-21,paid_search,west,1
779,2025-11-09,organic,south,0
780,2024-06-23,organic,north,0
781,2024-05-30,organic,east,0
782,2024-12-25,organic,east,0
783,2026-03-18,paid_search,west,0
784,2026-03-18,referral,west,0
785,2025-05-12,organic,west,1
786,2025-02-06,paid_search,east,0
787,2026-06-04,referral,south,1
788,2024-11-13,referral,west,0
789,2025-03-16,referral,south,0
790,2026-06-22,paid_search,south,1
791,2026-04-10,referral,west,0
792,2025-06-02,organic,west,0
793,2024-10-12,organic,south,0
794,2024-07-14,organic,east,0
795,2025-06-22,paid_search,west,0
796,2025-10-19,organic,west,0
797,2024-03-12,organic,north,0
798,2025-05-30,referral,east,1
799,2025-10-01,organic,north,0
800,2025-06-13,organic,west,0
801,2026-06-22,organic,north,1
802,2025-10-13,paid_search,west,1
803,2025-04-10,organic,north,0
804,2024-04-24,organic,south,0
805,2024-09-28,organic,north,0
806,2024-08-22,referral,west,0
807,2025-03-15,social,south,0
808,2026-03-28,paid_search,east,0
809,2025-07-27,paid_search,north,0
810,2024-02-16,referral,south,0
811,2026-05-25,social,west,0
812,2024-05-29,paid_search,west,0
813,2024-11-14,referral,north,0
814,2025-10-28,social,south,1
815,2024-08-25,referral,south,0
816,2024-07-04,paid_search,east,0
817,2026-05-26,organic,east,1
818,2026-04-01,organic,north,0
819,2024-11-30,paid_search,west,0
820,2024-02-14,paid_search,north,0
821,2026-06-12,paid_search,south,1
822,2024-11-30,paid_search,west,1
823,2026-03-06,paid_search,east,1
824,2024-12-14,referral,south,0
825,2025-01-06,organic,west,0
826,2026-04-15,organic,south,0
827,2024-11-17,referral,east,0
828,2024-05-13,referral,north,0
829,2024-06-11,social,north,0
830,2026-06-07,referral,south,1
831,2025-12-01,referral,east,0
832,2025-12-05,organic,west,0
833,2025-06-03,paid_search,south,0
834,2026-02-28,organic,west,0
835,2024-06-19,paid_search,east,0
836,2024-08-26,social,north,0
837,2024-07-29,organic,east,0
838,2026-01-11,paid_search,east,0
839,2026-06-20,organic,south,0
840,2024-05-01,organic,south,1
841,2025-10-24,organic,south,0
842,2024-12-09,organic,east,0
843,2024-05-02,social,east,0
844,2026-06-01,paid_search,south,1
845,2026-06-28,referral,south,0
846,2026-06-28,paid_search,south,1
847,2026-02-16,organic,south,0
848,2026-05-19,organic,south,0
849,2024-07-19,referral,south,0
850,2025-01-21,organic,east,0
851,2024-03-02,social,north,0
852,2024-08-04,organic,east,0
853,2024-03-17,paid_search,north,0
854,2025-12-07,referral,south,0
855,2025-10-25,organic,west,0
856,2024-06-24,organic,west,0
857,2025-12-01,social,east,0
858,2026-05-14,organic,east,1
859,2024-11-27,paid_search,north,0
860,2024-08-05,paid_search,south,0
861,2024-03-12,organic,east,0
862,2024-04-16,referral,west,0
863,2026-03-20,referral,east,1
864,2024-08-30,organic,west,1
865,2024-06-26,referral,south,0
866,2024-11-02,organic,north,0
867,2024-07-19,organic,north,0
868,2024-07-03,paid_search,east,0
869,2025-06-09,social,east,0
870,2026-05-29,organic,south,1
871,2025-06-01,organic,west,0
872,2026-01-08,paid_search,east,0
873,2026-03-26,referral,south,0
874,2026-03-16,organic,north,0
875,2024-11-03,organic,east,0
876,2025-04-20,referral,east,0
877,2025-03-20,organic,north,0
878,2024-09-22,organic,south,0
879,2025-03-13,organic,south,0
880,2024-12-31,paid_search,east,0
881,2026-04-19,paid_search,north,1
882,2024-06-22,referral,west,0
883,2025-06-07,paid_search,south,0
884,2026-02-17,paid_search,south,0
885,2024-07-25,social,north,0
886,2024-10-01,paid_search,west,0
887,2026-05-17,paid_search,north,0
888,2026-01-16,social,west,0
889,2026-06-19,organic,south,1
890,2025-11-09,referral,west,0
891,2026-04-07,referral,north,0
892,2024-10-23,organic,north,0
893,2025-04-04,paid_search,west,0
894,2024-03-02,organic,west,0
895,2024-09-19,organic,east,0
896,2025-01-16,paid_search,north,0
897,2025-04-15,organic,west,0
898,2026-05-16,referral,south,0
899,2026-05-02,social,west,0
900,2025-01-12,referral,west,0
901,2026-06-29,organic,west,1
902,2026-05-27,organic,east,1
903,2025-12-24,organic,east,0
904,2024-05-24,organic,east,0
905,2025-05-29,social,north,0
906,2024-10-23,paid_search,south,0
907,2025-07-09,organic,east,1
908,2026-02-02,referral,west,0
909,2025-08-14,organic,east,0
910,2026-04-14,organic,east,0
911,2024-08-31,organic,north,0
912,2026-01-24,paid_search,south,0
913,2025-08-09,referral,east,0
914,2024-03-02,organic,west,0
915,2025-02-02,social,south,0
916,2025-05-30,referral,north,0
917,2025-03-17,referral,south,0
918,2024-08-19,organic,north,0
919,2025-11-23,organic,east,1
920,2024-12-26,referral,east,0
921,2024-06-03,organic,west,0
922,2025-02-20,paid_search,west,0
923,2025-06-09,referral,north,0
924,2026-02-26,organic,north,0
925,2025-11-28,referral,south,1
926,2024-03-31,social,north,0
927,2025-03-19,referral,west,0
928,2025-10-13,paid_search,north,0
929,2025-07-04,referral,north,0
930,2025-02-15,paid_search,west,0
931,2025-03-22,referral,west,0
932,2024-11-01,referral,north,0
933,2025-11-20,referral,south,0
934,2024-12-15,organic,east,0
935,2025-06-12,organic,east,0
936,2024-04-05,organic,west,0
937,2026-02-15,paid_search,south,0
938,2026-02-23,paid_search,north,0
939,2025-05-27,paid_search,south,0
940,2025-04-16,organic,east,1
941,2024-11-08,referral,east,0
942,2025-07-16,social,east,0
943,2024-04-29,organic,west,0
944,2025-05-16,referral,west,0
945,2026-03-12,paid_search,south,0
946,2026-03-21,paid_search,south,0
947,2024-03-08,organic,east,0
948,2026-03-08,referral,south,0
949,2024-03-30,social,south,0
950,2025-11-03,referral,north,0
951,2026-04-12,social,south,0
952,2025-10-10,social,east,0
953,2025-01-14,organic,west,0
954,2025-06-25,paid_search,west,0
955,2024-08-18,paid_search,south,0
956,2025-01-17,social,north,0
957,2025-07-19,organic,north,1
958,2024-12-27,paid_search,south,0
959,2024-03-09,referral,east,0
960,2025-07-09,organic,west,0
961,2026-02-19,referral,west,0
962,2025-07-12,organic,north,0
963,2024-07-02,social,east,0
964,2025-12-25,referral,south,0
965,2024-03-29,organic,north,0
966,2025-02-06,referral,east,0
967,2025-01-25,organic,north,0
968,2025-09-30,paid_search,south,0
969,2024-04-23,paid_search,east,0
970,2026-06-01,referral,south,0
971,2025-10-16,organic,east,0
972,2025-07-03,organic,south,0
973,2025-05-13,referral,west,0
974,2025-05-16,paid_search,north,0
975,2026-02-24,paid_search,north,1
976,2025-12-18,organic,east,0
977,2026-04-11,organic,south,0
978,2025-02-19,referral,east,0
979,2025-08-31,organic,north,0
980,2025-02-25,organic,east,1
981,2025-02-04,social,west,0
982,2024-10-30,organic,north,0
983,2025-03-14,referral,south,0
984,2024-12-16,organic,west,0
985,2025-02-07,referral,east,0
986,2024-12-12,referral,north,0
987,2025-01-12,referral,north,0
988,2025-09-30,organic,west,0
989,2025-11-30,paid_search,west,0
990,2024-08-16,referral,south,0
991,2025-09-07,organic,south,0
992,2025-03-12,organic,west,1
993,2026-01-12,organic,north,0
994,2025-06-22,social,north,0
995,2025-03-29,referral,west,0
996,2025-01-04,paid_search,north,0
997,2025-04-01,referral,west,0
998,2025-08-23,paid_search,south,0
999,2024-03-18,paid_search,west,0
1000,2025-04-12,paid_search,north,0
1001,2024-07-29,paid_search,west,0
1002,2024-09-30,organic,north,0
1003,2025-03-04,referral,north,0
1004,2024-05-22,referral,east,0
1005,2026-03-13,organic,east,1
1006,2024-04-22,paid_search,west,0
1007,2024-06-23,organic,north,0
1008,2025-04-20,social,north,0
1009,2024-10-02,social,east,0
1010,2025-04-06,social,west,0
1011,2025-11-11,organic,south,0
1012,2024-08-06,organic,west,0
1013,2025-12-01,organic,west,0
1014,2025-10-02,organic,west,0
1015,2025-04-07,organic,east,0
1016,2024-07-04,organic,east,0
1017,2025-08-02,social,east,0
1018,2025-04-29,organic,east,1
1019,2026-05-27,organic,east,1
1020,2026-03-24,referral,east,1
1021,2026-05-15,paid_search,south,0
1022,2026-05-01,referral,east,1
1023,2024-06-07,paid_search,west,0
1024,2024-06-30,referral,west,0
1025,2024-07-17,paid_search,east,0
1026,2026-05-15,paid_search,north,1
1027,2026-04-26,referral,east,1
1028,2025-10-31,paid_search,south,0
1029,2025-02-26,organic,north,0
1030,2025-09-15,paid_search,north,0
1031,2025-05-04,organic,east,0
1032,2026-02-02,referral,west,0
1033,2024-10-05,organic,east,0
1034,2025-10-02,organic,south,0
1035,2026-05-06,organic,north,0
1036,2024-09-24,referral,east,0
1037,2024-05-08,organic,north,1
1038,2026-06-20,paid_search,west,0
1039,2025-06-18,referral,west,0
1040,2024-07-13,organic,west,0
1041,2024-10-26,referral,south,0
1042,2024-06-17,organic,north,0
1043,2025-07-06,organic,south,0
1044,2025-08-13,paid_search,west,1
1045,2024-10-24,social,north,0
1046,2026-02-19,organic,west,1
1047,2025-12-06,paid_search,north,0
1048,2025-01-26,organic,north,1
1049,2024-11-28,paid_search,north,0
1050,2026-03-20,paid_search,west,1
1051,2025-04-16,paid_search,east,0
1052,2025-08-19,paid_search,south,0
1053,2025-04-22,organic,east,0
1054,2024-03-21,paid_search,east,0
1055,2026-04-27,paid_search,east,0
1056,2024-02-17,paid_search,east,0
1057,2025-06-06,organic,north,0
1058,2024-08-30,paid_search,south,1
1059,2025-06-28,paid_search,east,1
1060,2025-10-05,organic,north,0
1061,2024-08-31,organic,south,0
1062,2024-11-11,paid_search,north,0
1063,2026-02-27,referral,west,0
1064,2024-10-27,organic,north,1
1065,2024-09-15,referral,north,0
1066,2025-07-30,paid_search,east,0
1067,2024-04-18,referral,north,0
1068,2024-12-22,paid_search,south,0
1069,2025-09-15,paid_search,south,0
1070,2026-06-23,paid_search,north,0
1071,2024-11-22,social,west,0
1072,2026-01-02,paid_search,east,0
1073,2024-09-12,paid_search,north,0
1074,2025-04-02,paid_search,east,0
1075,2025-05-22,referral,east,0
1076,2026-02-10,organic,east,0
1077,2024-10-21,paid_search,east,0
1078,2026-02-08,paid_search,west,0
1079,2025-07-04,social,south,0
1080,2024-07-05,paid_search,south,1
1081,2024-04-23,paid_search,east,0
1082,2024-02-23,social,west,0
1083,2024-03-21,paid_search,east,0
1084,2025-03-06,organic,north,0
1085,2026-01-09,organic,south,0
1086,2024-07-03,organic,east,0
1087,2024-08-04,organic,north,0
1088,2024-02-22,paid_search,west,0
1089,2024-12-13,referral,west,0
1090,2026-03-01,referral,west,0
1091,2025-04-21,organic,north,0
1092,2025-06-08,paid_search,east,0
1093,2024-06-29,organic,east,0
1094,2025-07-26,social,east,0
1095,2025-09-20,organic,west,0
1096,2026-04-24,paid_search,south,0
1097,2024-07-06,organic,east,0
1098,2024-09-13,paid_search,east,0
1099,2026-05-28,paid_search,west,0
1100,2025-06-20,referral,west,1
1101,2025-05-11,organic,south,0
1102,2025-05-20,social,west,0
1103,2024-04-24,paid_search,north,0
1104,2026-02-21,referral,south,0
1105,2025-10-09,referral,east,0
1106,2026-01-26,social,north,0
1107,2025-12-02,organic,south,0
1108,2024-05-04,organic,east,0
1109,2024-04-05,organic,east,0
1110,2026-05-25,organic,north,1
1111,2024-12-30,paid_search,south,1
1112,2025-12-12,social,north,0
1113,2026-01-16,social,east,0
1114,2025-10-21,paid_search,south,0
1115,2026-01-14,paid_search,east,0
1116,2025-05-02,referral,east,0
1117,2024-02-17,social,west,0
1118,2025-02-07,organic,north,0
1119,2024-10-11,paid_search,west,0
1120,2025-04-29,referral,north,0
1121,2026-06-20,organic,north,1
1122,2026-04-20,paid_search,north,0
1123,2025-11-11,social,north,1
1124,2025-12-03,social,west,0
1125,2024-07-01,social,north,0
1126,2024-06-29,referral,east,0
1127,2024-06-19,organic,south,0
1128,2024-12-25,organic,north,0
1129,2025-03-06,paid_search,south,0
1130,2024-12-15,paid_search,north,0
1131,2025-07-14,paid_search,south,0
1132,2024-11-26,paid_search,east,0
1133,2024-08-10,paid_search,east,0
1134,2024-09-07,referral,south,0
1135,2025-01-14,organic,west,0
1136,2026-05-13,organic,east,1
1137,2024-10-10,organic,south,0
1138,2025-08-18,organic,south,0
1139,2024-09-24,referral,north,0
1140,2025-03-20,paid_search,west,0
1141,2024-05-27,organic,west,0
1142,2025-09-11,referral,south,0
1143,2024-04-13,paid_search,east,0
1144,2024-06-28,organic,east,0
1145,2025-09-17,organic,east,0
1146,2025-05-09,organic,north,1
1147,2025-03-27,paid_search,west,0
1148,2024-09-02,organic,west,0
1149,2024-11-10,organic,west,0
1150,2024-06-21,organic,west,1
1151,2025-08-15,paid_search,west,0
1152,2025-04-19,organic,east,0
1153,2025-06-23,referral,north,0
1154,2024-05-02,organic,south,0
1155,2025-10-10,paid_search,north,0
1156,2025-02-07,paid_search,north,0
1157,2026-03-20,paid_search,west,0
1158,2024-06-23,organic,west,0
1159,2025-08-02,referral,east,0
1160,2025-09-09,referral,east,1
1161,2025-02-10,organic,north,0
1162,2025-04-25,organic,north,0
1163,2024-06-25,social,west,0
1164,2025-03-27,paid_search,south,1
1165,2025-04-09,organic,east,0
1166,2026-04-02,organic,south,0
1167,2026-06-13,paid_search,north,0
1168,2025-07-21,referral,west,0
1169,2024-02-15,paid_search,west,0
1170,2024-04-25,social,east,0
1171,2025-01-01,paid_search,south,0
1172,2024-12-31,organic,east,0
1173,2025-07-27,paid_search,west,0
1174,2026-01-29,organic,east,0
1175,2026-06-25,organic,south,0
1176,2025-09-11,organic,south,0
1177,2025-09-30,organic,east,0
1178,2026-01-17,referral,south,0
1179,2025-11-19,organic,east,0
1180,2026-06-11,paid_search,north,1
1181,2025-01-20,paid_search,north,0
1182,2024-04-17,paid_search,west,0
1183,2024-11-09,referral,south,1
1184,2025-06-08,referral,south,0
1185,2025-07-02,referral,east,1
1186,2025-10-08,organic,south,0
1187,2026-03-01,paid_search,west,1
1188,2025-01-28,paid_search,north,0
1189,2025-02-25,organic,west,0
1190,2026-06-26,organic,north,1
1191,2025-07-06,organic,south,0
1192,2025-11-03,paid_search,east,0
1193,2026-02-04,paid_search,west,0
1194,2024-10-29,organic,north,0
1195,2025-04-01,referral,east,1
1196,2024-12-28,social,north,0
1197,2024-10-20,organic,north,0
1198,2024-02-29,social,west,0
1199,2024-08-03,organic,east,0
1200,2025-01-09,social,south,0
1201,2024-05-29,social,east,0
1202,2025-05-13,organic,south,0
1203,2024-02-27,referral,south,0
1204,2024-09-08,social,south,0
1205,2024-12-13,social,south,0
1206,2024-05-08,social,west,0
1207,2025-04-10,paid_search,south,0
1208,2024-10-13,organic,south,0
1209,2025-10-28,referral,east,0
1210,2024-03-17,paid_search,west,0
1211,2025-01-06,paid_search,south,0
1212,2024-08-21,paid_search,west,1
1213,2025-05-28,paid_search,south,0
1214,2024-06-08,organic,east,0
1215,2026-04-29,referral,west,1
1216,2026-03-25,organic,south,1
1217,2025-04-17,referral,north,0
1218,2024-10-03,referral,east,1
1219,2024-07-28,paid_search,north,0
1220,2025-06-15,paid_search,south,0
1221,2024-12-14,organic,west,0
1222,2025-03-08,social,south,0
1223,2024-03-18,referral,east,0
1224,2024-12-10,organic,east,0
1225,2025-07-05,organic,north,0
1226,2024-03-11,organic,south,0
1227,2026-03-31,paid_search,east,0
1228,2024-02-27,social,north,0
1229,2026-02-19,referral,south,0
1230,2025-10-25,organic,south,0
1231,2024-07-18,referral,west,0
1232,2024-10-02,organic,north,1
1233,2024-03-10,referral,west,0
1234,2024-09-18,organic,south,0
1235,2024-12-25,paid_search,east,1
1236,2025-09-04,social,east,0
1237,2026-06-28,organic,south,0
1238,2026-03-17,paid_search,west,0
1239,2025-10-16,social,north,1
1240,2026-05-28,organic,north,0
1241,2025-04-16,organic,west,0
1242,2024-08-25,paid_search,east,0
1243,2024-03-16,organic,west,0
1244,2025-05-02,organic,south,0
1245,2024-06-01,paid_search,north,1
1246,2024-02-26,referral,north,0
1247,2024-06-14,organic,south,0
1248,2025-05-24,organic,north,0
1249,2025-09-23,referral,west,0
1250,2024-03-04,paid_search,north,0
1251,2025-12-04,referral,west,0
1252,2025-07-09,paid_search,north,0
1253,2026-04-29,social,north,0
1254,2024-08-11,paid_search,south,0
1255,2024-12-14,organic,north,0
1256,2026-04-20,referral,south,0
1257,2025-12-21,paid_search,south,0
1258,2025-03-06,organic,east,0
1259,2025-03-19,organic,east,0
1260,2024-08-04,paid_search,north,0
1261,2025-11-13,organic,north,0
1262,2024-04-19,organic,north,0
1263,2025-06-11,organic,north,0
1264,2024-07-17,paid_search,north,0
1265,2025-12-07,paid_search,south,0
1266,2026-05-31,paid_search,east,1
1267,2026-05-16,organic,south,0
1268,2025-08-12,organic,south,1
1269,2024-03-25,paid_search,south,0
1270,2026-05-21,organic,east,0
1271,2025-08-15,paid_search,south,0
1272,2026-03-29,organic,north,1
1273,2024-04-13,organic,south,0
1274,2024-11-22,organic,north,0
1275,2024-09-07,paid_search,south,0
1276,2024-10-20,organic,west,0
1277,2024-12-08,referral,south,0
1278,2024-08-28,organic,north,1
1279,2026-06-25,paid_search,east,1
1280,2024-06-10,paid_search,north,0
1281,2024-09-27,organic,north,0
1282,2024-09-27,paid_search,north,0
1283,2025-07-25,organic,west,0
1284,2024-08-05,paid_search,west,0
1285,2025-08-04,organic,east,0
1286,2026-05-21,referral,east,0
1287,2024-05-04,social,east,1
1288,2025-12-10,organic,east,0
1289,2026-04-05,paid_search,east,0
1290,2025-01-07,referral,west,0
1291,2025-12-11,organic,east,0
1292,2024-06-16,referral,north,0
1293,2025-06-11,paid_search,south,0
1294,2026-06-29,social,west,1
1295,2024-03-27,social,south,0
1296,2025-04-11,organic,north,0
1297,2025-11-16,paid_search,west,0
1298,2024-11-20,paid_search,east,1
1299,2025-03-28,organic,east,0
1300,2026-06-07,organic,south,0
1301,2024-09-10,social,north,0
1302,2025-07-18,organic,south,0
1303,2024-11-01,paid_search,south,0
1304,2024-05-14,referral,west,0
1305,2025-01-17,organic,south,1
1306,2024-11-25,paid_search,north,0
1307,2025-11-23,social,south,1
1308,2025-12-08,paid_search,west,0
1309,2025-07-06,organic,south,0
1310,2024-06-21,organic,south,0
1311,2025-04-02,social,east,0
1312,2025-09-03,organic,east,0
1313,2024-08-23,paid_search,south,0
1314,2024-06-20,organic,west,0
1315,2024-05-08,paid_search,east,0
1316,2025-10-15,social,north,0
1317,2024-10-23,paid_search,south,1
1318,2025-02-04,social,west,0
1319,2025-06-07,organic,south,0
1320,2025-07-22,paid_search,east,0
1321,2026-03-25,referral,east,1
1322,2025-11-05,paid_search,east,0
1323,2025-03-11,organic,west,1
1324,2024-05-22,referral,north,0
1325,2024-06-09,organic,east,0
1326,2026-01-20,paid_search,east,0
1327,2024-11-18,social,north,1
1328,2026-04-20,organic,east,1
1329,2024-11-22,organic,north,0
1330,2025-09-08,organic,south,0
1331,2025-06-06,organic,south,0
1332,2024-10-16,organic,north,0
1333,2025-06-28,paid_search,west,0
1334,2024-07-30,organic,north,0
1335,2025-03-25,paid_search,south,0
1336,2024-02-15,organic,west,0
1337,2024-12-24,organic,west,0
1338,2025-10-18,organic,north,0
1339,2024-08-27,referral,south,0
1340,2025-07-13,paid_search,east,0
1341,2025-03-25,organic,west,0
1342,2026-03-05,referral,west,0
1343,2026-03-21,paid_search,east,1
1344,2025-02-17,organic,north,0
1345,2026-01-21,social,west,0
1346,2024-02-16,organic,north,0
1347,2024-06-18,organic,north,0
1348,2024-10-31,paid_search,east,0
1349,2024-10-01,organic,east,0
1350,2025-01-31,organic,north,0
1351,2026-05-11,referral,north,0
1352,2025-07-26,organic,east,1
1353,2025-04-27,referral,south,1
1354,2024-04-27,social,east,1
1355,2025-12-24,paid_search,south,0
1356,2025-04-26,referral,east,0
1357,2025-09-06,referral,south,0
1358,2026-03-08,social,south,0
1359,2026-04-04,organic,south,0
1360,2025-08-19,organic,east,0
1361,2026-04-22,paid_search,east,0
1362,2026-05-05,paid_search,east,0
1363,2025-08-31,organic,east,0
1364,2026-01-08,paid_search,north,0
1365,2025-03-07,organic,west,0
1366,2026-06-17,social,east,0
1367,2025-10-13,organic,east,0
1368,2025-06-03,organic,west,0
1369,2024-03-17,organic,west,0
1370,2024-12-27,organic,east,0
1371,2024-05-27,organic,west,0
1372,2025-09-07,organic,south,0
1373,2025-06-06,organic,east,0
1374,2025-07-02,organic,south,0
1375,2024-05-21,organic,east,1
1376,2024-03-20,organic,north,0
1377,2024-03-17,organic,west,0
1378,2024-09-16,organic,north,1
1379,2025-04-21,organic,east,0
1380,2025-03-19,organic,north,0
1381,2024-03-01,organic,north,0
1382,2025-10-28,referral,west,0
1383,2025-09-04,social,west,0
1384,2024-05-13,social,north,0
1385,2025-07-31,paid_search,north,0
1386,2025-12-10,paid_search,west,0
1387,2025-03-02,organic,west,0
1388,2025-09-22,referral,north,0
1389,2024-05-18,referral,east,0
1390,2024-05-03,referral,south,0
1391,2025-10-09,referral,east,0
1392,2025-03-29,paid_search,south,0
1393,2024-02-27,referral,north,0
1394,2024-09-25,referral,south,0
1395,2025-12-27,organic,east,0
1396,2025-02-04,social,west,1
1397,2025-01-09,organic,north,0
1398,2024-12-11,social,west,1
1399,2026-06-11,referral,east,0
1400,2025-10-15,organic,west,0
1401,2024-06-19,paid_search,west,0
1402,2025-12-05,organic,north,0
1403,2025-10-15,referral,north,0
1404,2025-09-25,referral,west,0
1405,2026-01-29,paid_search,north,0
1406,2026-02-17,referral,north,0
1407,2025-09-04,organic,south,0
1408,2024-06-02,organic,west,0
1409,2026-07-01,paid_search,west,1
1410,2025-10-29,organic,east,0
1411,2026-05-11,paid_search,north,0
1412,2025-03-01,organic,south,0
1413,2025-11-26,organic,east,0
1414,2024-08-12,paid_search,north,0
1415,2025-02-09,referral,east,0
1416,2024-08-20,organic,north,0
1417,2024-12-27,referral,south,0
1418,2025-06-16,paid_search,north,0
1419,2024-06-13,organic,east,0
1420,2025-05-14,paid_search,west,0
1421,2024-03-28,paid_search,north,0
1422,2024-02-18,organic,west,1
1423,2025-02-05,paid_search,east,0
1424,2024-11-23,organic,west,0
1425,2025-11-22,organic,west,0
1426,2024-07-24,paid_search,north,0
1427,2024-11-25,paid_search,east,0
1428,2024-05-08,referral,east,0
1429,2025-11-12,organic,north,0
1430,2024-08-16,social,south,0
1431,2025-05-19,referral,west,0
1432,2026-01-22,social,east,0
1433,2026-02-04,referral,south,0
1434,2025-02-28,organic,south,0
1435,2025-09-28,paid_search,west,0
1436,2026-04-05,organic,south,0
1437,2025-06-26,referral,north,0
1438,2024-12-11,paid_search,east,0
1439,2025-09-28,organic,west,0
1440,2024-03-23,social,north,0
1441,2024-08-23,organic,south,0
1442,2025-04-12,paid_search,south,0
1443,2024-04-10,referral,north,0
1444,2025-06-21,organic,east,1
1445,2026-03-03,paid_search,south,0
1446,2026-06-01,referral,north,0
1447,2024-04-07,organic,south,0
1448,2024-03-19,paid_search,west,0
1449,2024-09-27,organic,west,0
1450,2026-04-04,paid_search,east,0
1451,2025-10-20,organic,south,0
1452,2026-05-28,social,west,1
1453,2026-05-19,referral,north,1
1454,2025-11-30,organic,east,0
1455,2025-02-20,organic,east,0
1456,2026-05-06,paid_search,east,0
1457,2024-02-27,referral,north,0
1458,2025-06-02,paid_search,east,0
1459,2025-11-15,organic,east,0
1460,2025-04-10,organic,west,0
1461,2024-08-14,social,north,0
1462,2025-10-04,paid_search,east,0
1463,2026-05-22,referral,west,0
1464,2026-05-19,paid_search,south,0
1465,2024-06-21,social,east,1
1466,2026-03-27,organic,north,0
1467,2024-12-27,organic,east,0
1468,2025-08-02,social,east,0
1469,2024-08-25,social,north,1
1470,2026-05-11,organic,north,0
1471,2024-05-12,organic,east,0
1472,2024-11-02,paid_search,north,0
1473,2025-06-07,paid_search,south,0
1474,2026-01-03,organic,north,0
1475,2024-03-04,referral,west,0
1476,2025-10-13,organic,east,0
1477,2025-05-02,referral,west,0
1478,2025-07-25,organic,north,0
1479,2025-12-14,organic,north,0
1480,2025-07-05,paid_search,east,0
1481,2026-02-21,organic,east,0
1482,2026-07-01,paid_search,west,1
1483,2025-10-23,organic,west,0
1484,2026-03-27,social,west,1
1485,2025-07-07,referral,north,0
1486,2024-06-12,referral,south,0
1487,2026-02-11,organic,west,1
1488,2026-07-01,organic,east,0
1489,2026-03-28,organic,west,1
1490,2025-04-16,paid_search,east,0
1491,2025-11-05,organic,north,0
1492,2025-05-03,organic,south,0
1493,2026-06-07,organic,west,1
1494,2025-09-16,organic,east,0
1495,2025-07-11,organic,north,0
1496,2025-06-22,organic,north,0
1497,2025-03-10,organic,west,0
1498,2024-08-22,paid_search,west,0
1499,2025-05-22,organic,west,0
1500,2024-07-01,organic,north,1
