customer_id,active_months_12m,as_of_date
1,0,2026-08-01
2,6,2026-08-01
3,5,2026-08-01
4,4,2026-08-01
5,2,2026-08-01
6,4,2026-08-01
7,1,2026-08-01
8,8,2026-08-01
9,3,2026-08-01
10,1,2026-08-01
11,5,2026-08-01
12,8,2026-08-01
13,4,2026-08-01
14,5,2026-08-01
15,6,2026-08-01
16,5,2026-08-01
17,3,2026-08-01
18,1,2026-08-01
19,8,2026-08-01
20,2,2026-08-01
21,7,2026-08-01
22,5,2026-08-01
23,1,2026-08-01
24,7,2026-08-01
25,6,2026-08-01
26,6,2026-08-01
27,2,2026-08-01
28,6,2026-08-01
29,5,2026-08-01
30,4,2026-08-01
31,3,2026-08-01
32,3,2026-08-01
33,3,2026-08-01
34,5,2026-08-01
35,5,2026-08-01
36,1,2026-08-01
37,6,2026-08-01
38,7,2026-08-01
39,3,2026-08-01
40,7,2026-08-01
41,2,2026-08-01
42,6,2026-08-01
43,7,2026-08-01
44,5,2026-08-01
45,1,2026-08-01
46,6,2026-08-01
47,3,2026-08-01
48,7,2026-08-01
49,7,2026-08-01
50,3,2026-08-01
51,4,2026-08-01
52,3,2026-08-01
53,6,2026-08-01
54,6,2026-08-01
55,2,2026-08-01
56,1,2026-08-01
57,3,2026-08-01
58,0,2026-08-01
59,3,2026-08-01
60,9,2026-08-01
61,5,2026-08-01
62,3,2026-08-01
63,4,2026-08-01
64,6,2026-08-01
65,6,2026-08-01
66,5,2026-08-01
67,4,2026-08-01
68,6,2026-08-01
69,1,2026-08-01
70,7,2026-08-01
71,4,2026-08-01
72,2,2026-08-01
73,4,2026-08-01
74,1,2026-08-01
75,2,2026-08-01
76,6,2026-08-01
77,4,2026-08-01
78,3,2026-08-01
79,4,2026-08-01
80,3,2026-08-01
81,3,2026-08-01
82,5,2026-08-01
83,2,2026-08-01
84,4,2026-08-01
85,7,2026-08-01
86,3,2026-08-01
87,2,2026-08-01
88,2,2026-08-01
89,5,2026-08-01
90,4,2026-08-01
91,3,2026-08-01
92,4,2026-08-01
93,5,2026-08-01
94,3,2026-08-01
95,4,2026-08-01
96,5,2026-08-01
97,3,2026-08-01
98,6,2026-08-01
99,8,2026-08-01
100,0,2026-08-01
101,6,2026-08-01
102,4,2026-08-01
103,3,2026-08-01
104,0,2026-08-01
105,5,2026-08-01
106,7,2026-08-01
107,6,2026-08-01
108,6,2026-08-01
109,6,2026-08-01
110,5,2026-08-01
111,2,2026-08-01
112,7,2026-08-01
113,2,2026-08-01
114,1,2026-08-01
115,3,2026-08-01
116,7,2026-08-01
117,0,2026-08-01
118,1,2026-08-01
119,3,2026-08-01
120,2,2026-08-01
121,5,2026-08-01
122,3,2026-08-01
123,4,2026-08-01
124,7,2026-08-01
125,8,2026-08-01
126,6,2026-08-01
127,3,2026-08-01
128,6,2026-08-01
129,2,2026-08-01
130,7,2026-08-01
131,4,2026-08-01
132,4,2026-08-01
133,0,2026-08-01
134,4,2026-08-01
135,7,2026-08-01
136,2,2026-08-01
137,5,2026-08-01
138,0,2026-08-01
139,3,2026-08-01
140,4,2026-08-01
141,5,2026-08-01
142,5,2026-08-01
143,6,2026-08-01
144,8,2026-08-01
145,8,2026-08-01
146,2,2026-08-01
147,1,2026-08-01
148,2,2026-08-01
149,8,2026-08-01
150,2,2026-08-01
151,9,2026-08-01
152,2,2026-08-01
153,6,2026-08-01
154,3,2026-08-01
155,7,2026-08-01
156,7,2026-08-01
157,4,2026-08-01
158,5,2026-08-01
159,3,2026-08-01
160,7,2026-08-01
161,8,2026-08-01
162,3,2026-08-01
163,7,2026-08-01
164,6,2026-08-01
165,5,2026-08-01
166,6,2026-08-01
167,5,2026-08-01
168,2,2026-08-01
169,4,2026-08-01
170,1,2026-08-01
171,2,2026-08-01
172,2,2026-08-01
173,4,2026-08-01
174,6,2026-08-01
175,7,2026-08-01
176,6,2026-08-01
177,4,2026-08-01
178,1,2026-08-01
179,4,2026-08-01
180,6,2026-08-01
181,3,2026-08-01
182,4,2026-08-01
183,6,2026-08-01
184,6,2026-08-01
185,3,2026-08-01
186,4,2026-08-01
187,1,2026-08-01
188,2,2026-08-01
189,6,2026-08-01
190,3,2026-08-01
191,4,2026-08-01
192,7,2026-08-01
193,7,2026-08-01
194,4,2026-08-01
195,7,2026-08-01
196,2,2026-08-01
197,5,2026-08-01
198,2,2026-08-01
199,3,2026-08-01
200,6,2026-08-01
201,4,2026-08-01
202,4,2026-08-01
203,4,2026-08-01
204,4,2026-08-01
205,5,2026-08-01
206,4,2026-08-01
207,4,2026-08-01
208,4,2026-08-01
209,2,2026-08-01
210,7,2026-08-01
211,1,2026-08-01
212,9,2026-08-01
213,6,2026-08-01
214,5,2026-08-01
215,7,2026-08-01
216,2,2026-08-01
217,2,2026-08-01
218,1,2026-08-01
219,5,2026-08-01
220,6,2026-08-01
221,1,2026-08-01
222,5,2026-08-01
223,7,2026-08-01
224,4,2026-08-01
225,4,2026-08-01
226,4,2026-08-01
227,6,2026-08-01
228,3,2026-08-01
229,6,2026-08-01
230,2,2026-08-01
231,3,2026-08-01
232,6,2026-08-01
233,0,2026-08-01
234,6,2026-08-01
235,7,2026-08-01
236,3,2026-08-01
237,4,2026-08-01
238,5,2026-08-01
239,5,2026-08-01
240,4,2026-08-01
241,4,2026-08-01
242,3,2026-08-01
243,0,2026-08-01
244,6,2026-08-01
245,5,2026-08-01
246,0,2026-08-01
247,7,2026-08-01
248,2,2026-08-01
249,9,2026-08-01
250,0,2026-08-01
251,1,2026-08-01
252,3,2026-08-01
253,0,2026-08-01
254,4,2026-08-01
255,4,2026-08-01
256,2,2026-08-01
257,7,2026-08-01
258,0,2026-08-01
259,1,2026-08-01
260,8,2026-08-01
261,3,2026-08-01
262,1,2026-08-01
263,3,2026-08-01
264,7,2026-08-01
265,5,2026-08-01
266,5,2026-08-01
267,7,2026-08-01
268,5,2026-08-01
269,8,2026-08-01
270,6,2026-08-01
271,7,2026-08-01
272,0,2026-08-01
273,1,2026-08-01
274,10,2026-08-01
275,3,2026-08-01
276,7,2026-08-01
277,3,2026-08-01
278,4,2026-08-01
279,0,2026-08-01
280,1,2026-08-01
281,3,2026-08-01
282,4,2026-08-01
283,5,2026-08-01
284,3,2026-08-01
285,4,2026-08-01
286,6,2026-08-01
287,1,2026-08-01
288,7,2026-08-01
289,7,2026-08-01
290,7,2026-08-01
291,5,2026-08-01
292,1,2026-08-01
293,7,2026-08-01
294,2,2026-08-01
295,4,2026-08-01
296,7,2026-08-01
297,7,2026-08-01
298,5,2026-08-01
299,3,2026-08-01
300,2,2026-08-01
301,5,2026-08-01
302,6,2026-08-01
303,1,2026-08-01
304,6,2026-08-01
305,4,2026-08-01
306,2,2026-08-01
307,2,2026-08-01
308,3,2026-08-01
309,3,2026-08-01
310,1,2026-08-01
311,4,2026-08-01
312,6,2026-08-01
313,0,2026-08-01
314,3,2026-08-01
315,5,2026-08-01
316,6,2026-08-01
317,6,2026-08-01
318,7,2026-08-01
319,10,2026-08-01
320,5,2026-08-01
321,3,2026-08-01
322,1,2026-08-01
323,6,2026-08-01
324,5,2026-08-01
325,6,2026-08-01
326,1,2026-08-01
327,3,2026-08-01
328,1,2026-08-01
329,2,2026-08-01
330,4,2026-08-01
331,3,2026-08-01
332,2,2026-08-01
333,3,2026-08-01
334,6,2026-08-01
335,5,2026-08-01
336,5,2026-08-01
337,6,2026-08-01
338,4,2026-08-01
339,3,2026-08-01
340,6,2026-08-01
341,4,2026-08-01
342,4,2026-08-01
343,4,2026-08-01
344,6,2026-08-01
345,6,2026-08-01
346,4,2026-08-01
347,6,2026-08-01
348,4,2026-08-01
349,3,2026-08-01
350,2,2026-08-01
351,5,2026-08-01
352,1,2026-08-01
353,8,2026-08-01
354,6,2026-08-01
355,7,2026-08-01
356,4,2026-08-01
357,1,2026-08-01
358,4,2026-08-01
359,1,2026-08-01
360,4,2026-08-01
361,4,2026-08-01
362,6,2026-08-01
363,5,2026-08-01
364,5,2026-08-01
365,1,2026-08-01
366,7,2026-08-01
367,5,2026-08-01
368,3,2026-08-01
369,0,2026-08-01
370,7,2026-08-01
371,4,2026-08-01
372,7,2026-08-01
373,6,2026-08-01
374,5,2026-08-01
375,9,2026-08-01
376,1,2026-08-01
377,5,2026-08-01
378,4,2026-08-01
379,4,2026-08-01
380,4,2026-08-01
381,0,2026-08-01
382,6,2026-08-01
383,7,2026-08-01
384,4,2026-08-01
385,1,2026-08-01
386,1,2026-08-01
387,0,2026-08-01
388,6,2026-08-01
389,6,2026-08-01
390,1,2026-08-01
391,7,2026-08-01
392,3,2026-08-01
393,3,2026-08-01
394,7,2026-08-01
395,6,2026-08-01
396,6,2026-08-01
397,1,2026-08-01
398,4,2026-08-01
399,2,2026-08-01
400,2,2026-08-01
401,7,2026-08-01
402,4,2026-08-01
403,9,2026-08-01
404,5,2026-08-01
405,7,2026-08-01
406,8,2026-08-01
407,7,2026-08-01
408,1,2026-08-01
409,8,2026-08-01
410,0,2026-08-01
411,2,2026-08-01
412,6,2026-08-01
413,1,2026-08-01
414,0,2026-08-01
415,1,2026-08-01
416,6,2026-08-01
417,9,2026-08-01
418,0,2026-08-01
419,6,2026-08-01
420,6,2026-08-01
421,6,2026-08-01
422,5,2026-08-01
423,7,2026-08-01
424,5,2026-08-01
425,5,2026-08-01
426,3,2026-08-01
427,6,2026-08-01
428,6,2026-08-01
429,0,2026-08-01
430,5,2026-08-01
431,0,2026-08-01
432,4,2026-08-01
433,9,2026-08-01
434,0,2026-08-01
435,4,2026-08-01
436,0,2026-08-01
437,8,2026-08-01
438,4,2026-08-01
439,0,2026-08-01
440,6,2026-08-01
441,2,2026-08-01
442,3,2026-08-01
443,1,2026-08-01
444,6,2026-08-01
445,4,2026-08-01
446,5,2026-08-01
447,4,2026-08-01
448,7,2026-08-01
449,5,2026-08-01
450,3,2026-08-01
451,7,2026-08-01
452,6,2026-08-01
453,9,2026-08-01
454,0,2026-08-01
455,3,2026-08-01
456,6,2026-08-01
457,3,2026-08-01
458,6,2026-08-01
459,7,2026-08-01
460,3,2026-08-01
461,7,2026-08-01
462,1,2026-08-01
463,9,2026-08-01
464,6,2026-08-01
465,1,2026-08-01
466,7,2026-08-01
467,3,2026-08-01
468,7,2026-08-01
469,3,2026-08-01
470,8,2026-08-01
471,6,2026-08-01
472,8,2026-08-01
473,8,2026-08-01
474,8,2026-08-01
475,6,2026-08-01
476,4,2026-08-01
477,8,2026-08-01
478,1,2026-08-01
479,5,2026-08-01
480,2,2026-08-01
481,2,2026-08-01
482,6,2026-08-01
483,3,2026-08-01
484,6,2026-08-01
485,3,2026-08-01
486,3,2026-08-01
487,6,2026-08-01
488,7,2026-08-01
489,4,2026-08-01
490,6,2026-08-01
491,5,2026-08-01
492,10,2026-08-01
493,3,2026-08-01
494,5,2026-08-01
495,2,2026-08-01
496,3,2026-08-01
497,3,2026-08-01
498,2,2026-08-01
499,7,2026-08-01
500,5,2026-08-01
501,1,2026-08-01
502,10,2026-08-01
503,8,2026-08-01
504,5,2026-08-01
505,7,2026-08-01
506,7,2026-08-01
507,1,2026-08-01
508,4,2026-08-01
509,4,2026-08-01
510,5,2026-08-01
511,3,2026-08-01
512,6,2026-08-01
513,8,2026-08-01
514,9,2026-08-01
515,7,2026-08-01
516,0,2026-08-01
517,3,2026-08-01
518,1,2026-08-01
519,3,2026-08-01
520,7,2026-08-01
521,3,2026-08-01
522,2,2026-08-01
523,2,2026-08-01
524,5,2026-08-01
525,2,2026-08-01
526,2,2026-08-01
527,3,2026-08-01
528,2,2026-08-01
529,3,2026-08-01
530,6,2026-08-01
531,5,2026-08-01
532,1,2026-08-01
533,3,2026-08-01
534,1,2026-08-01
535,8,2026-08-01
536,1,2026-08-01
537,3,2026-08-01
538,1,2026-08-01
539,5,2026-08-01
540,0,2026-08-01
541,5,2026-08-01
542,1,2026-08-01
543,2,2026-08-01
544,1,2026-08-01
545,6,2026-08-01
546,0,2026-08-01
547,3,2026-08-01
548,6,2026-08-01
549,2,2026-08-01
550,7,2026-08-01
551,6,2026-08-01
552,3,2026-08-01
553,6,2026-08-01
554,4,2026-08-01
555,5,2026-08-01
556,3,2026-08-01
557,5,2026-08-01
558,8,2026-08-01
559,5,2026-08-01
560,4,2026-08-01
561,6,2026-08-01
562,1,2026-08-01
563,7,2026-08-01
564,4,2026-08-01
565,6,2026-08-01
566,2,2026-08-01
567,4,2026-08-01
568,1,2026-08-01
569,3,2026-08-01
570,7,2026-08-01
571,7,2026-08-01
572,5,2026-08-01
573,3,2026-08-01
574,0,2026-08-01
575,0,2026-08-01
576,1,2026-08-01
577,9,2026-08-01
578,7,2026-08-01
579,6,2026-08-01
580,1,2026-08-01
581,2,2026-08-01
582,6,2026-08-01
583,2,2026-08-01
584,1,2026-08-01
585,2,2026-08-01
586,9,2026-08-01
587,6,2026-08-01
588,1,2026-08-01
589,3,2026-08-01
590,6,2026-08-01
591,7,2026-08-01
592,7,2026-08-01
593,1,2026-08-01
594,6,2026-08-01
595,3,2026-08-01
596,6,2026-08-01
597,7,2026-08-01
598,5,2026-08-01
599,6,2026-08-01
600,2,2026-08-01
601,6,2026-08-01
602,6,2026-08-01
603,6,2026-08-01
604,1,2026-08-01
605,7,2026-08-01
606,6,2026-08-01
607,4,2026-08-01
608,3,2026-08-01
609,3,2026-08-01
610,8,2026-08-01
611,6,2026-08-01
612,4,2026-08-01
613,8,2026-08-01
614,2,2026-08-01
615,7,2026-08-01
616,3,2026-08-01
617,3,2026-08-01
618,5,2026-08-01
619,1,2026-08-01
620,0,2026-08-01
621,4,2026-08-01
622,6,2026-08-01
623,3,2026-08-01
624,5,2026-08-01
625,6,2026-08-01
626,4,2026-08-01
627,2,2026-08-01
628,2,2026-08-01
629,8,2026-08-01
630,8,2026-08-01
631,8,2026-08-01
632,2,2026-08-01
633,4,2026-08-01
634,1,2026-08-01
635,1,2026-08-01
636,5,2026-08-01
637,1,2026-08-01
638,3,2026-08-01
639,9,2026-08-01
640,5,2026-08-01
641,6,2026-08-01
642,7,2026-08-01
643,4,2026-08-01
644,1,2026-08-01
645,6,2026-08-01
646,2,2026-08-01
647,7,2026-08-01
648,6,2026-08-01
649,5,2026-08-01
650,8,2026-08-01
651,6,2026-08-01
652,8,2026-08-01
653,1,2026-08-01
654,7,2026-08-01
655,4,2026-08-01
656,4,2026-08-01
657,6,2026-08-01
658,4,2026-08-01
659,1,2026-08-01
660,5,2026-08-01
661,1,2026-08-01
662,4,2026-08-01
663,1,2026-08-01
664,5,2026-08-01
665,6,2026-08-01
666,10,2026-08-01
667,7,2026-08-01
668,8,2026-08-01
669,9,2026-08-01
670,1,2026-08-01
671,3,2026-08-01
672,6,2026-08-01
673,8,2026-08-01
674,0,2026-08-01
675,7,2026-08-01
676,4,2026-08-01
677,4,2026-08-01
678,2,2026-08-01
679,6,2026-08-01
680,3,2026-08-01
681,1,2026-08-01
682,1,2026-08-01
683,5,2026-08-01
684,0,2026-08-01
685,2,2026-08-01
686,7,2026-08-01
687,8,2026-08-01
688,7,2026-08-01
689,2,2026-08-01
690,5,2026-08-01
691,4,2026-08-01
692,7,2026-08-01
693,6,2026-08-01
694,8,2026-08-01
695,2,2026-08-01
696,4,2026-08-01
697,3,2026-08-01
698,4,2026-08-01
699,0,2026-08-01
700,3,2026-08-01
701,5,2026-08-01
702,5,2026-08-01
703,2,2026-08-01
704,3,2026-08-01
705,0,2026-08-01
706,7,2026-08-01
707,0,2026-08-01
708,3,2026-08-01
709,1,2026-08-01
710,5,2026-08-01
711,4,2026-08-01
712,4,2026-08-01
713,4,2026-08-01
714,8,2026-08-01
715,7,2026-08-01
716,6,2026-08-01
717,4,2026-08-01
718,3,2026-08-01
719,3,2026-08-01
720,6,2026-08-01
721,2,2026-08-01
722,6,2026-08-01
723,7,2026-08-01
724,1,2026-08-01
725,6,2026-08-01
726,1,2026-08-01
727,4,2026-08-01
728,3,2026-08-01
729,4,2026-08-01
730,7,2026-08-01
731,7,2026-08-01
732,4,2026-08-01
733,7,2026-08-01
734,7,2026-08-01
735,4,2026-08-01
736,5,2026-08-01
737,7,2026-08-01
738,2,2026-08-01
739,6,2026-08-01
740,7,2026-08-01
741,6,2026-08-01
742,10,2026-08-01
743,7,2026-08-01
744,3,2026-08-01
745,6,2026-08-01
746,3,2026-08-01
747,6,2026-08-01
748,2,2026-08-01
749,1,2026-08-01
750,2,2026-08-01
751,8,2026-08-01
752,4,2026-08-01
753,1,2026-08-01
754,5,2026-08-01
755,4,2026-08-01
756,5,2026-08-01
757,8,2026-08-01
758,9,2026-08-01
759,0,2026-08-01
760,5,2026-08-01
761,5,2026-08-01
762,7,2026-08-01
763,5,2026-08-01
764,5,2026-08-01
765,5,2026-08-01
766,7,2026-08-01
767,6,2026-08-01
768,7,2026-08-01
769,1,2026-08-01
770,3,2026-08-01
771,4,2026-08-01
772,4,2026-08-01
773,0,2026-08-01
774,5,2026-08-01
775,8,2026-08-01
776,5,2026-08-01
777,3,2026-08-01
778,0,2026-08-01
779,3,2026-08-01
780,6,2026-08-01
781,7,2026-08-01
782,2,2026-08-01
783,1,2026-08-01
784,1,2026-08-01
785,5,2026-08-01
786,8,2026-08-01
787,0,2026-08-01
788,8,2026-08-01
789,4,2026-08-01
790,0,2026-08-01
791,0,2026-08-01
792,3,2026-08-01
793,4,2026-08-01
794,4,2026-08-01
795,7,2026-08-01
796,3,2026-08-01
797,8,2026-08-01
798,1,2026-08-01
799,4,2026-08-01
800,4,2026-08-01
801,0,2026-08-01
802,1,2026-08-01
803,3,2026-08-01
804,6,2026-08-01
805,6,2026-08-01
806,5,2026-08-01
807,2,2026-08-01
808,1,2026-08-01
809,4,2026-08-01
810,7,2026-08-01
811,1,2026-08-01
812,5,2026-08-01
813,5,2026-08-01
814,2,2026-08-01
815,6,2026-08-01
816,10,2026-08-01
817,0,2026-08-01
818,2,2026-08-01
819,5,2026-08-01
820,4,2026-08-01
821,0,2026-08-01
822,2,2026-08-01
823,1,2026-08-01
824,7,2026-08-01
825,6,2026-08-01
826,1,2026-08-01
827,7,2026-08-01
828,8,2026-08-01
829,8,2026-08-01
830,0,2026-08-01
831,3,2026-08-01
832,3,2026-08-01
833,4,2026-08-01
834,1,2026-08-01
835,4,2026-08-01
836,8,2026-08-01
837,8,2026-08-01
838,3,2026-08-01
839,1,2026-08-01
840,4,2026-08-01
841,5,2026-08-01
842,4,2026-08-01
843,8,2026-08-01
844,0,2026-08-01
845,0,2026-08-01
846,0,2026-08-01
847,1,2026-08-01
848,1,2026-08-01
849,7,2026-08-01
850,7,2026-08-01
851,7,2026-08-01
852,3,2026-08-01
853,8,2026-08-01
854,2,2026-08-01
855,3,2026-08-01
856,8,2026-08-01
857,7,2026-08-01
858,0,2026-08-01
859,8,2026-08-01
860,7,2026-08-01
861,5,2026-08-01
862,6,2026-08-01
863,0,2026-08-01
864,4,2026-08-01
865,3,2026-08-01
866,5,2026-08-01
867,4,2026-08-01
868,7,2026-08-01
869,4,2026-08-01
870,0,2026-08-01
871,3,2026-08-01
872,0,2026-08-01
873,2,2026-08-01
874,3,2026-08-01
875,8,2026-08-01
876,6,2026-08-01
877,7,2026-08-01
878,8,2026-08-01
879,3,2026-08-01
880,6,2026-08-01
881,0,2026-08-01
882,5,2026-08-01
883,7,2026-08-01
884,2,2026-08-01
885,7,2026-08-01
886,6,2026-08-01
887,1,2026-08-01
888,2,2026-08-01
889,0,2026-08-01
890,2,2026-08-01
891,1,2026-08-01
892,5,2026-08-01
893,4,2026-08-01
894,6,2026-08-01
895,7,2026-08-01
896,6,2026-08-01
897,2,2026-08-01
898,1,2026-08-01
899,1,2026-08-01
900,4,2026-08-01
901,0,2026-08-01
902,0,2026-08-01
903,3,2026-08-01
904,6,2026-08-01
905,2,2026-08-01
906,7,2026-08-01
907,2,2026-08-01
908,1,2026-08-01
909,5,2026-08-01
910,1,2026-08-01
911,5,2026-08-01
912,1,2026-08-01
913,5,2026-08-01
914,4,2026-08-01
915,7,2026-08-01
916,2,2026-08-01
917,5,2026-08-01
918,6,2026-08-01
919,1,2026-08-01
920,7,2026-08-01
921,5,2026-08-01
922,3,2026-08-01
923,5,2026-08-01
924,2,2026-08-01
925,1,2026-08-01
926,7,2026-08-01
927,8,2026-08-01
928,5,2026-08-01
929,3,2026-08-01
930,6,2026-08-01
931,6,2026-08-01
932,4,2026-08-01
933,2,2026-08-01
934,5,2026-08-01
935,2,2026-08-01
936,7,2026-08-01
937,1,2026-08-01
938,2,2026-08-01
939,4,2026-08-01
940,4,2026-08-01
941,7,2026-08-01
942,7,2026-08-01
943,10,2026-08-01
944,2,2026-08-01
945,2,2026-08-01
946,4,2026-08-01
947,4,2026-08-01
948,1,2026-08-01
949,6,2026-08-01
950,2,2026-08-01
951,3,2026-08-01
952,3,2026-08-01
953,8,2026-08-01
954,5,2026-08-01
955,6,2026-08-01
956,5,2026-08-01
957,3,2026-08-01
958,4,2026-08-01
959,7,2026-08-01
960,5,2026-08-01
961,1,2026-08-01
962,5,2026-08-01
963,6,2026-08-01
964,2,2026-08-01
965,7,2026-08-01
966,5,2026-08-01
967,3,2026-08-01
968,1,2026-08-01
969,3,2026-08-01
970,1,2026-08-01
971,2,2026-08-01
972,6,2026-08-01
973,4,2026-08-01
974,6,2026-08-01
975,0,2026-08-01
976,2,2026-08-01
977,1,2026-08-01
978,6,2026-08-01
979,3,2026-08-01
980,2,2026-08-01
981,5,2026-08-01
982,6,2026-08-01
983,3,2026-08-01
984,4,2026-08-01
985,9,2026-08-01
986,5,2026-08-01
987,9,2026-08-01
988,2,2026-08-01
989,5,2026-08-01
990,4,2026-08-01
991,3,2026-08-01
992,3,2026-08-01
993,3,2026-08-01
994,4,2026-08-01
995,6,2026-08-01
996,5,2026-08-01
997,7,2026-08-01
998,3,2026-08-01
999,5,2026-08-01
1000,3,2026-08-01
1001,5,2026-08-01
1002,8,2026-08-01
1003,6,2026-08-01
1004,7,2026-08-01
1005,1,2026-08-01
1006,9,2026-08-01
1007,7,2026-08-01
1008,5,2026-08-01
1009,3,2026-08-01
1010,9,2026-08-01
1011,5,2026-08-01
1012,6,2026-08-01
1013,1,2026-08-01
1014,6,2026-08-01
1015,2,2026-08-01
1016,8,2026-08-01
1017,4,2026-08-01
1018,1,2026-08-01
1019,0,2026-08-01
1020,1,2026-08-01
1021,1,2026-08-01
1022,0,2026-08-01
1023,5,2026-08-01
1024,7,2026-08-01
1025,3,2026-08-01
1026,0,2026-08-01
1027,0,2026-08-01
1028,3,2026-08-01
1029,3,2026-08-01
1030,3,2026-08-01
1031,4,2026-08-01
1032,2,2026-08-01
1033,7,2026-08-01
1034,5,2026-08-01
1035,1,2026-08-01
1036,9,2026-08-01
1037,5,2026-08-01
1038,1,2026-08-01
1039,4,2026-08-01
1040,4,2026-08-01
1041,8,2026-08-01
1042,6,2026-08-01
1043,6,2026-08-01
1044,1,2026-08-01
1045,6,2026-08-01
1046,0,2026-08-01
1047,2,2026-08-01
1048,6,2026-08-01
1049,4,2026-08-01
1050,1,2026-08-01
1051,9,2026-08-01
1052,4,2026-08-01
1053,5,2026-08-01
1054,5,2026-08-01
1055,1,2026-08-01
1056,5,2026-08-01
1057,2,2026-08-01
1058,5,2026-08-01
1059,3,2026-08-01
1060,3,2026-08-01
1061,4,2026-08-01
1062,5,2026-08-01
1063,2,2026-08-01
1064,3,2026-08-01
1065,3,2026-08-01
1066,2,2026-08-01
1067,4,2026-08-01
1068,7,2026-08-01
1069,3,2026-08-01
1070,1,2026-08-01
1071,7,2026-08-01
1072,1,2026-08-01
1073,9,2026-08-01
1074,5,2026-08-01
1075,7,2026-08-01
1076,1,2026-08-01
1077,4,2026-08-01
1078,1,2026-08-01
1079,4,2026-08-01
1080,3,2026-08-01
1081,8,2026-08-01
1082,6,2026-08-01
1083,8,2026-08-01
1084,3,2026-08-01
1085,2,2026-08-01
1086,7,2026-08-01
1087,8,2026-08-01
1088,9,2026-08-01
1089,4,2026-08-01
1090,3,2026-08-01
1091,7,2026-08-01
1092,2,2026-08-01
1093,8,2026-08-01
1094,2,2026-08-01
1095,3,2026-08-01
1096,1,2026-08-01
1097,4,2026-08-01
1098,7,2026-08-01
1099,1,2026-08-01
1100,0,2026-08-01
1101,4,2026-08-01
1102,7,2026-08-01
1103,5,2026-08-01
1104,2,2026-08-01
1105,3,2026-08-01
1106,4,2026-08-01
1107,5,2026-08-01
1108,6,2026-08-01
1109,2,2026-08-01
1110,0,2026-08-01
1111,5,2026-08-01
1112,3,2026-08-01
1113,3,2026-08-01
1114,3,2026-08-01
1115,3,2026-08-01
1116,4,2026-08-01
1117,3,2026-08-01
1118,6,2026-08-01
1119,5,2026-08-01
1120,5,2026-08-01
1121,0,2026-08-01
1122,1,2026-08-01
1123,3,2026-08-01
1124,2,2026-08-01
1125,5,2026-08-01
1126,2,2026-08-01
1127,7,2026-08-01
1128,4,2026-08-01
1129,8,2026-08-01
1130,3,2026-08-01
1131,2,2026-08-01
1132,8,2026-08-01
1133,5,2026-08-01
1134,9,2026-08-01
1135,6,2026-08-01
1136,0,2026-08-01
1137,6,2026-08-01
1138,5,2026-08-01
1139,11,2026-08-01
1140,6,2026-08-01
1141,4,2026-08-01
1142,8,2026-08-01
1143,8,2026-08-01
1144,9,2026-08-01
1145,7,2026-08-01
1146,3,2026-08-01
1147,7,2026-08-01
1148,10,2026-08-01
1149,7,2026-08-01
1150,7,2026-08-01
1151,6,2026-08-01
1152,4,2026-08-01
1153,2,2026-08-01
1154,9,2026-08-01
1155,1,2026-08-01
1156,3,2026-08-01
1157,2,2026-08-01
1158,4,2026-08-01
1159,3,2026-08-01
1160,1,2026-08-01
1161,3,2026-08-01
1162,8,2026-08-01
1163,6,2026-08-01
1164,4,2026-08-01
1165,3,2026-08-01
1166,2,2026-08-01
1167,1,2026-08-01
1168,4,2026-08-01
1169,8,2026-08-01
1170,5,2026-08-01
1171,5,2026-08-01
1172,7,2026-08-01
1173,3,2026-08-01
1174,2,2026-08-01
1175,1,2026-08-01
1176,3,2026-08-01
1177,7,2026-08-01
1178,2,2026-08-01
1179,5,2026-08-01
1180,0,2026-08-01
1181,6,2026-08-01
1182,6,2026-08-01
1183,5,2026-08-01
1184,2,2026-08-01
1185,2,2026-08-01
1186,3,2026-08-01
1187,0,2026-08-01
1188,4,2026-08-01
1189,8,2026-08-01
1190,0,2026-08-01
1191,4,2026-08-01
1192,4,2026-08-01
1193,3,2026-08-01
1194,7,2026-08-01
1195,3,2026-08-01
1196,3,2026-08-01
1197,5,2026-08-01
1198,3,2026-08-01
1199,6,2026-08-01
1200,9,2026-08-01
1201,4,2026-08-01
1202,8,2026-08-01
1203,5,2026-08-01
1204,6,2026-08-01
1205,3,2026-08-01
1206,3,2026-08-01
1207,6,2026-08-01
1208,7,2026-08-01
1209,5,2026-08-01
1210,3,2026-08-01
1211,7,2026-08-01
1212,1,2026-08-01
1213,4,2026-08-01
1214,6,2026-08-01
1215,0,2026-08-01
1216,0,2026-08-01
1217,5,2026-08-01
1218,3,2026-08-01
1219,10,2026-08-01
1220,5,2026-08-01
1221,7,2026-08-01
1222,8,2026-08-01
1223,7,2026-08-01
1224,8,2026-08-01
1225,4,2026-08-01
1226,6,2026-08-01
1227,2,2026-08-01
1228,8,2026-08-01
1229,2,2026-08-01
1230,4,2026-08-01
1231,7,2026-08-01
1232,6,2026-08-01
1233,6,2026-08-01
1234,8,2026-08-01
1235,5,2026-08-01
1236,7,2026-08-01
1237,0,2026-08-01
1238,2,2026-08-01
1239,3,2026-08-01
1240,2,2026-08-01
1241,3,2026-08-01
1242,8,2026-08-01
1243,9,2026-08-01
1244,8,2026-08-01
1245,5,2026-08-01
1246,3,2026-08-01
1247,7,2026-08-01
1248,6,2026-08-01
1249,4,2026-08-01
1250,4,2026-08-01
1251,2,2026-08-01
1252,4,2026-08-01
1253,2,2026-08-01
1254,3,2026-08-01
1255,8,2026-08-01
1256,1,2026-08-01
1257,3,2026-08-01
1258,6,2026-08-01
1259,4,2026-08-01
1260,5,2026-08-01
1261,4,2026-08-01
1262,9,2026-08-01
1263,8,2026-08-01
1264,5,2026-08-01
1265,4,2026-08-01
1266,0,2026-08-01
1267,1,2026-08-01
1268,5,2026-08-01
1269,6,2026-08-01
1270,2,2026-08-01
1271,4,2026-08-01
1272,0,2026-08-01
1273,6,2026-08-01
1274,7,2026-08-01
1275,5,2026-08-01
1276,8,2026-08-01
1277,4,2026-08-01
1278,3,2026-08-01
1279,0,2026-08-01
1280,8,2026-08-01
1281,7,2026-08-01
1282,7,2026-08-01
1283,4,2026-08-01
1284,3,2026-08-01
1285,7,2026-08-01
1286,2,2026-08-01
1287,4,2026-08-01
1288,4,2026-08-01
1289,2,2026-08-01
1290,4,2026-08-01
1291,3,2026-08-01
1292,7,2026-08-01
1293,6,2026-08-01
1294,0,2026-08-01
1295,6,2026-08-01
1296,4,2026-08-01
1297,4,2026-08-01
1298,5,2026-08-01
1299,3,2026-08-01
1300,1,2026-08-01
1301,7,2026-08-01
1302,2,2026-08-01
1303,7,2026-08-01
1304,6,2026-08-01
1305,3,2026-08-01
1306,7,2026-08-01
1307,3,2026-08-01
1308,5,2026-08-01
1309,6,2026-08-01
1310,8,2026-08-01
1311,6,2026-08-01
1312,1,2026-08-01
1313,3,2026-08-01
1314,7,2026-08-01
1315,5,2026-08-01
1316,4,2026-08-01
1317,4,2026-08-01
1318,5,2026-08-01
1319,6,2026-08-01
1320,3,2026-08-01
1321,0,2026-08-01
1322,4,2026-08-01
1323,8,2026-08-01
1324,6,2026-08-01
1325,4,2026-08-01
1326,4,2026-08-01
1327,3,2026-08-01
1328,0,2026-08-01
1329,6,2026-08-01
1330,6,2026-08-01
1331,4,2026-08-01
1332,9,2026-08-01
1333,4,2026-08-01
1334,6,2026-08-01
1335,5,2026-08-01
1336,8,2026-08-01
1337,4,2026-08-01
1338,3,2026-08-01
1339,10,2026-08-01
1340,4,2026-08-01
1341,3,2026-08-01
1342,2,2026-08-01
1343,0,2026-08-01
1344,3,2026-08-01
1345,2,2026-08-01
1346,6,2026-08-01
1347,6,2026-08-01
1348,5,2026-08-01
1349,7,2026-08-01
1350,7,2026-08-01
1351,1,2026-08-01
1352,2,2026-08-01
1353,3,2026-08-01
1354,1,2026-08-01
1355,2,2026-08-01
1356,9,2026-08-01
1357,5,2026-08-01
1358,3,2026-08-01
1359,1,2026-08-01
1360,5,2026-08-01
1361,1,2026-08-01
1362,1,2026-08-01
1363,2,2026-08-01
1364,2,2026-08-01
1365,9,2026-08-01
1366,1,2026-08-01
1367,5,2026-08-01
1368,5,2026-08-01
1369,7,2026-08-01
1370,7,2026-08-01
1371,5,2026-08-01
1372,3,2026-08-01
1373,3,2026-08-01
1374,3,2026-08-01
1375,7,2026-08-01
1376,8,2026-08-01
1377,5,2026-08-01
1378,6,2026-08-01
1379,6,2026-08-01
1380,5,2026-08-01
1381,5,2026-08-01
1382,4,2026-08-01
1383,7,2026-08-01
1384,5,2026-08-01
1385,4,2026-08-01
1386,4,2026-08-01
1387,8,2026-08-01
1388,2,2026-08-01
1389,5,2026-08-01
1390,9,2026-08-01
1391,2,2026-08-01
1392,6,2026-08-01
1393,7,2026-08-01
1394,9,2026-08-01
1395,2,2026-08-01
1396,6,2026-08-01
1397,2,2026-08-01
1398,5,2026-08-01
1399,1,2026-08-01
1400,4,2026-08-01
1401,9,2026-08-01
1402,3,2026-08-01
1403,4,2026-08-01
1404,4,2026-08-01
1405,3,2026-08-01
1406,1,2026-08-01
1407,5,2026-08-01
1408,3,2026-08-01
1409,0,2026-08-01
1410,4,2026-08-01
1411,1,2026-08-01
1412,7,2026-08-01
1413,2,2026-08-01
1414,6,2026-08-01
1415,5,2026-08-01
1416,6,2026-08-01
1417,4,2026-08-01
1418,8,2026-08-01
1419,7,2026-08-01
1420,6,2026-08-01
1421,2,2026-08-01
1422,6,2026-08-01
1423,4,2026-08-01
1424,7,2026-08-01
1425,5,2026-08-01
1426,6,2026-08-01
1427,7,2026-08-01
1428,7,2026-08-01
1429,5,2026-08-01
1430,4,2026-08-01
1431,5,2026-08-01
1432,2,2026-08-01
1433,0,2026-08-01
1434,8,2026-08-01
1435,2,2026-08-01
1436,3,2026-08-01
1437,5,2026-08-01
1438,8,2026-08-01
1439,4,2026-08-01
1440,7,2026-08-01
1441,7,2026-08-01
1442,5,2026-08-01
1443,5,2026-08-01
1444,3,2026-08-01
1445,1,2026-08-01
1446,0,2026-08-01
1447,7,2026-08-01
1448,7,2026-08-01
1449,7,2026-08-01
1450,1,2026-08-01
1451,1,2026-08-01
1452,0,2026-08-01
1453,0,2026-08-01
1454,4,2026-08-01
1455,8,2026-08-01
1456,2,2026-08-01
1457,6,2026-08-01
1458,5,2026-08-01
1459,1,2026-08-01
1460,5,2026-08-01
1461,7,2026-08-01
1462,3,2026-08-01
1463,1,2026-08-01
1464,1,2026-08-01
1465,3,2026-08-01
1466,4,2026-08-01
1467,5,2026-08-01
1468,3,2026-08-01
1469,7,2026-08-01
1470,2,2026-08-01
1471,2,2026-08-01
1472,6,2026-08-01
1473,5,2026-08-01
1474,1,2026-08-01
1475,7,2026-08-01
1476,3,2026-08-01
1477,7,2026-08-01
1478,6,2026-08-01
1479,2,2026-08-01
1480,5,2026-08-01
1481,4,2026-08-01
1482,0,2026-08-01
1483,4,2026-08-01
1484,0,2026-08-01
1485,1,2026-08-01
1486,9,2026-08-01
1487,1,2026-08-01
1488,1,2026-08-01
1489,0,2026-08-01
1490,7,2026-08-01
1491,4,2026-08-01
1492,9,2026-08-01
1493,0,2026-08-01
1494,4,2026-08-01
1495,2,2026-08-01
1496,5,2026-08-01
1497,4,2026-08-01
1498,6,2026-08-01
1499,4,2026-08-01
1500,4,2026-08-01
