customer_id,customer_tenure_days,as_of_date
1,107.0,2026-08-01
2,703.0,2026-08-01
3,599.0,2026-08-01
4,411.0,2026-08-01
5,406.0,2026-08-01
6,776.0,2026-08-01
7,104.0,2026-08-01
8,636.0,2026-08-01
9,205.0,2026-08-01
10,111.0,2026-08-01
11,488.0,2026-08-01
12,878.0,2026-08-01
13,670.0,2026-08-01
14,692.0,2026-08-01
15,654.0,2026-08-01
16,713.0,2026-08-01
17,476.0,2026-08-01
18,141.0,2026-08-01
19,760.0,2026-08-01
20,421.0,2026-08-01
21,465.0,2026-08-01
22,352.0,2026-08-01
23,188.0,2026-08-01
24,836.0,2026-08-01
25,709.0,2026-08-01
26,590.0,2026-08-01
27,380.0,2026-08-01
28,745.0,2026-08-01
29,504.0,2026-08-01
30,415.0,2026-08-01
31,421.0,2026-08-01
32,227.0,2026-08-01
33,110.0,2026-08-01
34,512.0,2026-08-01
35,802.0,2026-08-01
36,85.0,2026-08-01
37,776.0,2026-08-01
38,750.0,2026-08-01
39,270.0,2026-08-01
40,579.0,2026-08-01
41,173.0,2026-08-01
42,689.0,2026-08-01
43,639.0,2026-08-01
44,338.0,2026-08-01
45,89.0,2026-08-01
46,874.0,2026-08-01
47,417.0,2026-08-01
48,807.0,2026-08-01
49,619.0,2026-08-01
50,707.0,2026-08-01
51,691.0,2026-08-01
52,199.0,2026-08-01
53,346.0,2026-08-01
54,436.0,2026-08-01
55,463.0,2026-08-01
56,68.0,2026-08-01
57,505.0,2026-08-01
58,164.0,2026-08-01
59,676.0,2026-08-01
60,624.0,2026-08-01
61,832.0,2026-08-01
62,677.0,2026-08-01
63,348.0,2026-08-01
64,871.0,2026-08-01
65,387.0,2026-08-01
66,313.0,2026-08-01
67,817.0,2026-08-01
68,352.0,2026-08-01
69,96.0,2026-08-01
70,438.0,2026-08-01
71,722.0,2026-08-01
72,194.0,2026-08-01
73,432.0,2026-08-01
74,143.0,2026-08-01
75,627.0,2026-08-01
76,443.0,2026-08-01
77,317.0,2026-08-01
78,227.0,2026-08-01
79,521.0,2026-08-01
80,612.0,2026-08-01
81,848.0,2026-08-01
82,410.0,2026-08-01
83,169.0,2026-08-01
84,754.0,2026-08-01
85,577.0,2026-08-01
86,639.0,2026-08-01
87,114.0,2026-08-01
88,301.0,2026-08-01
89,698.0,2026-08-01
90,754.0,2026-08-01
91,408.0,2026-08-01
92,730.0,2026-08-01
93,762.0,2026-08-01
94,367.0,2026-08-01
95,811.0,2026-08-01
96,280.0,2026-08-01
97,238.0,2026-08-01
98,623.0,2026-08-01
99,583.0,2026-08-01
100,151.0,2026-08-01
101,754.0,2026-08-01
102,203.0,2026-08-01
103,730.0,2026-08-01
104,36.0,2026-08-01
105,723.0,2026-08-01
106,714.0,2026-08-01
107,708.0,2026-08-01
108,608.0,2026-08-01
109,440.0,2026-08-01
110,643.0,2026-08-01
111,271.0,2026-08-01
112,709.0,2026-08-01
113,513.0,2026-08-01
114,429.0,2026-08-01
115,469.0,2026-08-01
116,524.0,2026-08-01
117,62.0,2026-08-01
118,151.0,2026-08-01
119,243.0,2026-08-01
120,129.0,2026-08-01
121,412.0,2026-08-01
122,611.0,2026-08-01
123,599.0,2026-08-01
124,439.0,2026-08-01
125,773.0,2026-08-01
126,521.0,2026-08-01
127,98.0,2026-08-01
128,695.0,2026-08-01
129,529.0,2026-08-01
130,582.0,2026-08-01
131,521.0,2026-08-01
132,511.0,2026-08-01
133,108.0,2026-08-01
134,516.0,2026-08-01
135,721.0,2026-08-01
136,294.0,2026-08-01
137,554.0,2026-08-01
138,56.0,2026-08-01
139,332.0,2026-08-01
140,409.0,2026-08-01
141,884.0,2026-08-01
142,216.0,2026-08-01
143,270.0,2026-08-01
144,385.0,2026-08-01
145,893.0,2026-08-01
146,772.0,2026-08-01
147,60.0,2026-08-01
148,233.0,2026-08-01
149,744.0,2026-08-01
150,80.0,2026-08-01
151,774.0,2026-08-01
152,274.0,2026-08-01
153,828.0,2026-08-01
154,285.0,2026-08-01
155,407.0,2026-08-01
156,605.0,2026-08-01
157,139.0,2026-08-01
158,514.0,2026-08-01
159,469.0,2026-08-01
160,711.0,2026-08-01
161,896.0,2026-08-01
162,607.0,2026-08-01
163,385.0,2026-08-01
164,383.0,2026-08-01
165,393.0,2026-08-01
166,738.0,2026-08-01
167,309.0,2026-08-01
168,175.0,2026-08-01
169,320.0,2026-08-01
170,49.0,2026-08-01
171,122.0,2026-08-01
172,108.0,2026-08-01
173,701.0,2026-08-01
174,658.0,2026-08-01
175,636.0,2026-08-01
176,431.0,2026-08-01
177,653.0,2026-08-01
178,170.0,2026-08-01
179,813.0,2026-08-01
180,465.0,2026-08-01
181,846.0,2026-08-01
182,162.0,2026-08-01
183,462.0,2026-08-01
184,635.0,2026-08-01
185,461.0,2026-08-01
186,418.0,2026-08-01
187,174.0,2026-08-01
188,361.0,2026-08-01
189,237.0,2026-08-01
190,292.0,2026-08-01
191,624.0,2026-08-01
192,578.0,2026-08-01
193,558.0,2026-08-01
194,344.0,2026-08-01
195,864.0,2026-08-01
196,106.0,2026-08-01
197,328.0,2026-08-01
198,132.0,2026-08-01
199,324.0,2026-08-01
200,866.0,2026-08-01
201,348.0,2026-08-01
202,820.0,2026-08-01
203,460.0,2026-08-01
204,638.0,2026-08-01
205,427.0,2026-08-01
206,261.0,2026-08-01
207,694.0,2026-08-01
208,873.0,2026-08-01
209,259.0,2026-08-01
210,707.0,2026-08-01
211,257.0,2026-08-01
212,653.0,2026-08-01
213,716.0,2026-08-01
214,420.0,2026-08-01
215,671.0,2026-08-01
216,266.0,2026-08-01
217,98.0,2026-08-01
218,113.0,2026-08-01
219,418.0,2026-08-01
220,815.0,2026-08-01
221,140.0,2026-08-01
222,426.0,2026-08-01
223,642.0,2026-08-01
224,206.0,2026-08-01
225,657.0,2026-08-01
226,296.0,2026-08-01
227,733.0,2026-08-01
228,533.0,2026-08-01
229,505.0,2026-08-01
230,183.0,2026-08-01
231,432.0,2026-08-01
232,775.0,2026-08-01
233,46.0,2026-08-01
234,689.0,2026-08-01
235,458.0,2026-08-01
236,655.0,2026-08-01
237,607.0,2026-08-01
238,405.0,2026-08-01
239,298.0,2026-08-01
240,575.0,2026-08-01
241,151.0,2026-08-01
242,538.0,2026-08-01
243,112.0,2026-08-01
244,595.0,2026-08-01
245,577.0,2026-08-01
246,103.0,2026-08-01
247,689.0,2026-08-01
248,391.0,2026-08-01
249,714.0,2026-08-01
250,66.0,2026-08-01
251,186.0,2026-08-01
252,459.0,2026-08-01
253,193.0,2026-08-01
254,316.0,2026-08-01
255,604.0,2026-08-01
256,155.0,2026-08-01
257,619.0,2026-08-01
258,119.0,2026-08-01
259,182.0,2026-08-01
260,541.0,2026-08-01
261,720.0,2026-08-01
262,178.0,2026-08-01
263,290.0,2026-08-01
264,834.0,2026-08-01
265,891.0,2026-08-01
266,535.0,2026-08-01
267,418.0,2026-08-01
268,331.0,2026-08-01
269,562.0,2026-08-01
270,544.0,2026-08-01
271,286.0,2026-08-01
272,49.0,2026-08-01
273,161.0,2026-08-01
274,863.0,2026-08-01
275,393.0,2026-08-01
276,449.0,2026-08-01
277,436.0,2026-08-01
278,710.0,2026-08-01
279,86.0,2026-08-01
280,101.0,2026-08-01
281,269.0,2026-08-01
282,453.0,2026-08-01
283,613.0,2026-08-01
284,456.0,2026-08-01
285,413.0,2026-08-01
286,845.0,2026-08-01
287,170.0,2026-08-01
288,527.0,2026-08-01
289,501.0,2026-08-01
290,441.0,2026-08-01
291,732.0,2026-08-01
292,262.0,2026-08-01
293,859.0,2026-08-01
294,318.0,2026-08-01
295,504.0,2026-08-01
296,482.0,2026-08-01
297,769.0,2026-08-01
298,411.0,2026-08-01
299,277.0,2026-08-01
300,48.0,2026-08-01
301,346.0,2026-08-01
302,748.0,2026-08-01
303,38.0,2026-08-01
304,809.0,2026-08-01
305,502.0,2026-08-01
306,152.0,2026-08-01
307,292.0,2026-08-01
308,512.0,2026-08-01
309,304.0,2026-08-01
310,124.0,2026-08-01
311,609.0,2026-08-01
312,614.0,2026-08-01
313,133.0,2026-08-01
314,274.0,2026-08-01
315,242.0,2026-08-01
316,603.0,2026-08-01
317,665.0,2026-08-01
318,662.0,2026-08-01
319,846.0,2026-08-01
320,698.0,2026-08-01
321,308.0,2026-08-01
322,123.0,2026-08-01
323,564.0,2026-08-01
324,826.0,2026-08-01
325,878.0,2026-08-01
326,230.0,2026-08-01
327,235.0,2026-08-01
328,62.0,2026-08-01
329,152.0,2026-08-01
330,512.0,2026-08-01
331,505.0,2026-08-01
332,352.0,2026-08-01
333,299.0,2026-08-01
334,751.0,2026-08-01
335,430.0,2026-08-01
336,733.0,2026-08-01
337,867.0,2026-08-01
338,305.0,2026-08-01
339,206.0,2026-08-01
340,859.0,2026-08-01
341,582.0,2026-08-01
342,283.0,2026-08-01
343,571.0,2026-08-01
344,478.0,2026-08-01
345,817.0,2026-08-01
346,252.0,2026-08-01
347,892.0,2026-08-01
348,844.0,2026-08-01
349,187.0,2026-08-01
350,173.0,2026-08-01
351,493.0,2026-08-01
352,69.0,2026-08-01
353,289.0,2026-08-01
354,408.0,2026-08-01
355,873.0,2026-08-01
356,893.0,2026-08-01
357,161.0,2026-08-01
358,805.0,2026-08-01
359,109.0,2026-08-01
360,681.0,2026-08-01
361,765.0,2026-08-01
362,804.0,2026-08-01
363,224.0,2026-08-01
364,807.0,2026-08-01
365,130.0,2026-08-01
366,481.0,2026-08-01
367,438.0,2026-08-01
368,304.0,2026-08-01
369,49.0,2026-08-01
370,701.0,2026-08-01
371,321.0,2026-08-01
372,605.0,2026-08-01
373,386.0,2026-08-01
374,355.0,2026-08-01
375,801.0,2026-08-01
376,112.0,2026-08-01
377,670.0,2026-08-01
378,679.0,2026-08-01
379,360.0,2026-08-01
380,258.0,2026-08-01
381,34.0,2026-08-01
382,845.0,2026-08-01
383,854.0,2026-08-01
384,239.0,2026-08-01
385,57.0,2026-08-01
386,136.0,2026-08-01
387,88.0,2026-08-01
388,753.0,2026-08-01
389,805.0,2026-08-01
390,163.0,2026-08-01
391,679.0,2026-08-01
392,185.0,2026-08-01
393,349.0,2026-08-01
394,551.0,2026-08-01
395,656.0,2026-08-01
396,790.0,2026-08-01
397,68.0,2026-08-01
398,200.0,2026-08-01
399,274.0,2026-08-01
400,299.0,2026-08-01
401,898.0,2026-08-01
402,706.0,2026-08-01
403,308.0,2026-08-01
404,875.0,2026-08-01
405,464.0,2026-08-01
406,465.0,2026-08-01
407,407.0,2026-08-01
408,155.0,2026-08-01
409,842.0,2026-08-01
410,42.0,2026-08-01
411,181.0,2026-08-01
412,229.0,2026-08-01
413,272.0,2026-08-01
414,144.0,2026-08-01
415,45.0,2026-08-01
416,619.0,2026-08-01
417,873.0,2026-08-01
418,135.0,2026-08-01
419,287.0,2026-08-01
420,470.0,2026-08-01
421,836.0,2026-08-01
422,634.0,2026-08-01
423,696.0,2026-08-01
424,535.0,2026-08-01
425,392.0,2026-08-01
426,203.0,2026-08-01
427,781.0,2026-08-01
428,729.0,2026-08-01
429,51.0,2026-08-01
430,652.0,2026-08-01
431,103.0,2026-08-01
432,672.0,2026-08-01
433,748.0,2026-08-01
434,144.0,2026-08-01
435,407.0,2026-08-01
436,137.0,2026-08-01
437,523.0,2026-08-01
438,836.0,2026-08-01
439,100.0,2026-08-01
440,375.0,2026-08-01
441,876.0,2026-08-01
442,291.0,2026-08-01
443,145.0,2026-08-01
444,455.0,2026-08-01
445,472.0,2026-08-01
446,606.0,2026-08-01
447,302.0,2026-08-01
448,861.0,2026-08-01
449,483.0,2026-08-01
450,279.0,2026-08-01
451,865.0,2026-08-01
452,834.0,2026-08-01
453,464.0,2026-08-01
454,51.0,2026-08-01
455,549.0,2026-08-01
456,513.0,2026-08-01
457,158.0,2026-08-01
458,581.0,2026-08-01
459,761.0,2026-08-01
460,122.0,2026-08-01
461,659.0,2026-08-01
462,152.0,2026-08-01
463,681.0,2026-08-01
464,394.0,2026-08-01
465,35.0,2026-08-01
466,870.0,2026-08-01
467,174.0,2026-08-01
468,548.0,2026-08-01
469,187.0,2026-08-01
470,841.0,2026-08-01
471,672.0,2026-08-01
472,729.0,2026-08-01
473,405.0,2026-08-01
474,436.0,2026-08-01
475,581.0,2026-08-01
476,712.0,2026-08-01
477,766.0,2026-08-01
478,45.0,2026-08-01
479,607.0,2026-08-01
480,124.0,2026-08-01
481,280.0,2026-08-01
482,751.0,2026-08-01
483,247.0,2026-08-01
484,723.0,2026-08-01
485,432.0,2026-08-01
486,232.0,2026-08-01
487,320.0,2026-08-01
488,491.0,2026-08-01
489,695.0,2026-08-01
490,557.0,2026-08-01
491,841.0,2026-08-01
492,784.0,2026-08-01
493,685.0,2026-08-01
494,554.0,2026-08-01
495,282.0,2026-08-01
496,388.0,2026-08-01
497,133.0,2026-08-01
498,355.0,2026-08-01
499,836.0,2026-08-01
500,400.0,2026-08-01
501,128.0,2026-08-01
502,597.0,2026-08-01
503,867.0,2026-08-01
504,784.0,2026-08-01
505,268.0,2026-08-01
506,424.0,2026-08-01
507,491.0,2026-08-01
508,245.0,2026-08-01
509,263.0,2026-08-01
510,235.0,2026-08-01
511,895.0,2026-08-01
512,679.0,2026-08-01
513,761.0,2026-08-01
514,740.0,2026-08-01
515,864.0,2026-08-01
516,121.0,2026-08-01
517,797.0,2026-08-01
518,87.0,2026-08-01
519,443.0,2026-08-01
520,547.0,2026-08-01
521,341.0,2026-08-01
522,157.0,2026-08-01
523,197.0,2026-08-01
524,747.0,2026-08-01
525,307.0,2026-08-01
526,299.0,2026-08-01
527,833.0,2026-08-01
528,155.0,2026-08-01
529,826.0,2026-08-01
530,831.0,2026-08-01
531,550.0,2026-08-01
532,174.0,2026-08-01
533,165.0,2026-08-01
534,277.0,2026-08-01
535,532.0,2026-08-01
536,163.0,2026-08-01
537,426.0,2026-08-01
538,130.0,2026-08-01
539,500.0,2026-08-01
540,48.0,2026-08-01
541,646.0,2026-08-01
542,78.0,2026-08-01
543,199.0,2026-08-01
544,181.0,2026-08-01
545,752.0,2026-08-01
546,76.0,2026-08-01
547,403.0,2026-08-01
548,544.0,2026-08-01
549,478.0,2026-08-01
550,622.0,2026-08-01
551,728.0,2026-08-01
552,372.0,2026-08-01
553,750.0,2026-08-01
554,306.0,2026-08-01
555,886.0,2026-08-01
556,468.0,2026-08-01
557,670.0,2026-08-01
558,791.0,2026-08-01
559,719.0,2026-08-01
560,770.0,2026-08-01
561,496.0,2026-08-01
562,67.0,2026-08-01
563,458.0,2026-08-01
564,187.0,2026-08-01
565,803.0,2026-08-01
566,235.0,2026-08-01
567,228.0,2026-08-01
568,246.0,2026-08-01
569,589.0,2026-08-01
570,526.0,2026-08-01
571,855.0,2026-08-01
572,392.0,2026-08-01
573,275.0,2026-08-01
574,72.0,2026-08-01
575,36.0,2026-08-01
576,355.0,2026-08-01
577,835.0,2026-08-01
578,485.0,2026-08-01
579,807.0,2026-08-01
580,118.0,2026-08-01
581,111.0,2026-08-01
582,755.0,2026-08-01
583,122.0,2026-08-01
584,75.0,2026-08-01
585,381.0,2026-08-01
586,834.0,2026-08-01
587,629.0,2026-08-01
588,116.0,2026-08-01
589,758.0,2026-08-01
590,763.0,2026-08-01
591,726.0,2026-08-01
592,815.0,2026-08-01
593,238.0,2026-08-01
594,882.0,2026-08-01
595,309.0,2026-08-01
596,727.0,2026-08-01
597,534.0,2026-08-01
598,708.0,2026-08-01
599,576.0,2026-08-01
600,588.0,2026-08-01
601,566.0,2026-08-01
602,707.0,2026-08-01
603,672.0,2026-08-01
604,147.0,2026-08-01
605,748.0,2026-08-01
606,496.0,2026-08-01
607,311.0,2026-08-01
608,477.0,2026-08-01
609,871.0,2026-08-01
610,776.0,2026-08-01
611,755.0,2026-08-01
612,432.0,2026-08-01
613,712.0,2026-08-01
614,365.0,2026-08-01
615,626.0,2026-08-01
616,586.0,2026-08-01
617,247.0,2026-08-01
618,261.0,2026-08-01
619,83.0,2026-08-01
620,151.0,2026-08-01
621,407.0,2026-08-01
622,445.0,2026-08-01
623,173.0,2026-08-01
624,392.0,2026-08-01
625,555.0,2026-08-01
626,232.0,2026-08-01
627,324.0,2026-08-01
628,349.0,2026-08-01
629,469.0,2026-08-01
630,348.0,2026-08-01
631,671.0,2026-08-01
632,314.0,2026-08-01
633,407.0,2026-08-01
634,360.0,2026-08-01
635,189.0,2026-08-01
636,626.0,2026-08-01
637,234.0,2026-08-01
638,288.0,2026-08-01
639,719.0,2026-08-01
640,855.0,2026-08-01
641,613.0,2026-08-01
642,827.0,2026-08-01
643,773.0,2026-08-01
644,448.0,2026-08-01
645,700.0,2026-08-01
646,315.0,2026-08-01
647,430.0,2026-08-01
648,495.0,2026-08-01
649,865.0,2026-08-01
650,768.0,2026-08-01
651,455.0,2026-08-01
652,597.0,2026-08-01
653,206.0,2026-08-01
654,729.0,2026-08-01
655,511.0,2026-08-01
656,493.0,2026-08-01
657,696.0,2026-08-01
658,580.0,2026-08-01
659,93.0,2026-08-01
660,280.0,2026-08-01
661,183.0,2026-08-01
662,669.0,2026-08-01
663,60.0,2026-08-01
664,206.0,2026-08-01
665,549.0,2026-08-01
666,634.0,2026-08-01
667,467.0,2026-08-01
668,778.0,2026-08-01
669,829.0,2026-08-01
670,144.0,2026-08-01
671,858.0,2026-08-01
672,564.0,2026-08-01
673,583.0,2026-08-01
674,112.0,2026-08-01
675,571.0,2026-08-01
676,661.0,2026-08-01
677,535.0,2026-08-01
678,103.0,2026-08-01
679,485.0,2026-08-01
680,844.0,2026-08-01
681,659.0,2026-08-01
682,149.0,2026-08-01
683,865.0,2026-08-01
684,864.0,2026-08-01
685,177.0,2026-08-01
686,726.0,2026-08-01
687,383.0,2026-08-01
688,546.0,2026-08-01
689,417.0,2026-08-01
690,710.0,2026-08-01
691,897.0,2026-08-01
692,721.0,2026-08-01
693,840.0,2026-08-01
694,853.0,2026-08-01
695,108.0,2026-08-01
696,250.0,2026-08-01
697,658.0,2026-08-01
698,543.0,2026-08-01
699,73.0,2026-08-01
700,112.0,2026-08-01
701,482.0,2026-08-01
702,566.0,2026-08-01
703,175.0,2026-08-01
704,179.0,2026-08-01
705,142.0,2026-08-01
706,521.0,2026-08-01
707,36.0,2026-08-01
708,528.0,2026-08-01
709,444.0,2026-08-01
710,435.0,2026-08-01
711,620.0,2026-08-01
712,484.0,2026-08-01
713,663.0,2026-08-01
714,694.0,2026-08-01
715,830.0,2026-08-01
716,725.0,2026-08-01
717,480.0,2026-08-01
718,458.0,2026-08-01
719,235.0,2026-08-01
720,551.0,2026-08-01
721,151.0,2026-08-01
722,840.0,2026-08-01
723,765.0,2026-08-01
724,134.0,2026-08-01
725,713.0,2026-08-01
726,131.0,2026-08-01
727,657.0,2026-08-01
728,106.0,2026-08-01
729,454.0,2026-08-01
730,602.0,2026-08-01
731,664.0,2026-08-01
732,394.0,2026-08-01
733,831.0,2026-08-01
734,703.0,2026-08-01
735,211.0,2026-08-01
736,613.0,2026-08-01
737,665.0,2026-08-01
738,320.0,2026-08-01
739,672.0,2026-08-01
740,811.0,2026-08-01
741,740.0,2026-08-01
742,693.0,2026-08-01
743,582.0,2026-08-01
744,265.0,2026-08-01
745,721.0,2026-08-01
746,346.0,2026-08-01
747,493.0,2026-08-01
748,303.0,2026-08-01
749,302.0,2026-08-01
750,167.0,2026-08-01
751,866.0,2026-08-01
752,158.0,2026-08-01
753,105.0,2026-08-01
754,844.0,2026-08-01
755,512.0,2026-08-01
756,410.0,2026-08-01
757,671.0,2026-08-01
758,363.0,2026-08-01
759,141.0,2026-08-01
760,664.0,2026-08-01
761,183.0,2026-08-01
762,511.0,2026-08-01
763,855.0,2026-08-01
764,844.0,2026-08-01
765,343.0,2026-08-01
766,708.0,2026-08-01
767,563.0,2026-08-01
768,447.0,2026-08-01
769,151.0,2026-08-01
770,357.0,2026-08-01
771,597.0,2026-08-01
772,888.0,2026-08-01
773,34.0,2026-08-01
774,654.0,2026-08-01
775,766.0,2026-08-01
776,857.0,2026-08-01
777,398.0,2026-08-01
778,133.0,2026-08-01
779,265.0,2026-08-01
780,769.0,2026-08-01
781,793.0,2026-08-01
782,584.0,2026-08-01
783,136.0,2026-08-01
784,136.0,2026-08-01
785,446.0,2026-08-01
786,541.0,2026-08-01
787,58.0,2026-08-01
788,626.0,2026-08-01
789,503.0,2026-08-01
790,40.0,2026-08-01
791,113.0,2026-08-01
792,425.0,2026-08-01
793,658.0,2026-08-01
794,748.0,2026-08-01
795,405.0,2026-08-01
796,286.0,2026-08-01
797,872.0,2026-08-01
798,428.0,2026-08-01
799,304.0,2026-08-01
800,414.0,2026-08-01
801,40.0,2026-08-01
802,292.0,2026-08-01
803,478.0,2026-08-01
804,829.0,2026-08-01
805,672.0,2026-08-01
806,709.0,2026-08-01
807,504.0,2026-08-01
808,126.0,2026-08-01
809,370.0,2026-08-01
810,897.0,2026-08-01
811,68.0,2026-08-01
812,794.0,2026-08-01
813,625.0,2026-08-01
814,277.0,2026-08-01
815,706.0,2026-08-01
816,758.0,2026-08-01
817,67.0,2026-08-01
818,122.0,2026-08-01
819,609.0,2026-08-01
820,899.0,2026-08-01
821,50.0,2026-08-01
822,609.0,2026-08-01
823,148.0,2026-08-01
824,595.0,2026-08-01
825,572.0,2026-08-01
826,108.0,2026-08-01
827,622.0,2026-08-01
828,810.0,2026-08-01
829,781.0,2026-08-01
830,55.0,2026-08-01
831,243.0,2026-08-01
832,239.0,2026-08-01
833,424.0,2026-08-01
834,154.0,2026-08-01
835,773.0,2026-08-01
836,705.0,2026-08-01
837,733.0,2026-08-01
838,202.0,2026-08-01
839,42.0,2026-08-01
840,822.0,2026-08-01
841,281.0,2026-08-01
842,600.0,2026-08-01
843,821.0,2026-08-01
844,61.0,2026-08-01
845,34.0,2026-08-01
846,34.0,2026-08-01
847,166.0,2026-08-01
848,74.0,2026-08-01
849,743.0,2026-08-01
850,557.0,2026-08-01
851,882.0,2026-08-01
852,727.0,2026-08-01
853,867.0,2026-08-01
854,237.0,2026-08-01
855,280.0,2026-08-01
856,768.0,2026-08-01
857,243.0,2026-08-01
858,79.0,2026-08-01
859,612.0,2026-08-01
860,726.0,2026-08-01
861,872.0,2026-08-01
862,837.0,2026-08-01
863,134.0,2026-08-01
864,701.0,2026-08-01
865,766.0,2026-08-01
866,637.0,2026-08-01
867,743.0,2026-08-01
868,759.0,2026-08-01
869,418.0,2026-08-01
870,64.0,2026-08-01
871,426.0,2026-08-01
872,205.0,2026-08-01
873,128.0,2026-08-01
874,138.0,2026-08-01
875,636.0,2026-08-01
876,468.0,2026-08-01
877,499.0,2026-08-01
878,678.0,2026-08-01
879,506.0,2026-08-01
880,578.0,2026-08-01
881,104.0,2026-08-01
882,770.0,2026-08-01
883,420.0,2026-08-01
884,165.0,2026-08-01
885,737.0,2026-08-01
886,669.0,2026-08-01
887,76.0,2026-08-01
888,197.0,2026-08-01
889,43.0,2026-08-01
890,265.0,2026-08-01
891,116.0,2026-08-01
892,647.0,2026-08-01
893,484.0,2026-08-01
894,882.0,2026-08-01
895,681.0,2026-08-01
896,562.0,2026-08-01
897,473.0,2026-08-01
898,77.0,2026-08-01
899,91.0,2026-08-01
900,566.0,2026-08-01
901,33.0,2026-08-01
902,66.0,2026-08-01
903,220.0,2026-08-01
904,799.0,2026-08-01
905,429.0,2026-08-01
906,647.0,2026-08-01
907,388.0,2026-08-01
908,180.0,2026-08-01
909,352.0,2026-08-01
910,109.0,2026-08-01
911,700.0,2026-08-01
912,189.0,2026-08-01
913,357.0,2026-08-01
914,882.0,2026-08-01
915,545.0,2026-08-01
916,428.0,2026-08-01
917,502.0,2026-08-01
918,712.0,2026-08-01
919,251.0,2026-08-01
920,583.0,2026-08-01
921,789.0,2026-08-01
922,527.0,2026-08-01
923,418.0,2026-08-01
924,156.0,2026-08-01
925,246.0,2026-08-01
926,853.0,2026-08-01
927,500.0,2026-08-01
928,292.0,2026-08-01
929,393.0,2026-08-01
930,532.0,2026-08-01
931,497.0,2026-08-01
932,638.0,2026-08-01
933,254.0,2026-08-01
934,594.0,2026-08-01
935,415.0,2026-08-01
936,848.0,2026-08-01
937,167.0,2026-08-01
938,159.0,2026-08-01
939,431.0,2026-08-01
940,472.0,2026-08-01
941,631.0,2026-08-01
942,381.0,2026-08-01
943,824.0,2026-08-01
944,442.0,2026-08-01
945,142.0,2026-08-01
946,133.0,2026-08-01
947,876.0,2026-08-01
948,146.0,2026-08-01
949,854.0,2026-08-01
950,271.0,2026-08-01
951,111.0,2026-08-01
952,295.0,2026-08-01
953,564.0,2026-08-01
954,402.0,2026-08-01
955,713.0,2026-08-01
956,561.0,2026-08-01
957,378.0,2026-08-01
958,582.0,2026-08-01
959,875.0,2026-08-01
960,388.0,2026-08-01
961,163.0,2026-08-01
962,385.0,2026-08-01
963,760.0,2026-08-01
964,219.0,2026-08-01
965,855.0,2026-08-01
966,541.0,2026-08-01
967,553.0,2026-08-01
968,305.0,2026-08-01
969,830.0,2026-08-01
970,61.0,2026-08-01
971,289.0,2026-08-01
972,394.0,2026-08-01
973,445.0,2026-08-01
974,442.0,2026-08-01
975,158.0,2026-08-01
976,226.0,2026-08-01
977,112.0,2026-08-01
978,528.0,2026-08-01
979,335.0,2026-08-01
980,522.0,2026-08-01
981,543.0,2026-08-01
982,640.0,2026-08-01
983,505.0,2026-08-01
984,593.0,2026-08-01
985,540.0,2026-08-01
986,597.0,2026-08-01
987,566.0,2026-08-01
988,305.0,2026-08-01
989,244.0,2026-08-01
990,715.0,2026-08-01
991,328.0,2026-08-01
992,507.0,2026-08-01
993,201.0,2026-08-01
994,405.0,2026-08-01
995,490.0,2026-08-01
996,574.0,2026-08-01
997,487.0,2026-08-01
998,343.0,2026-08-01
999,866.0,2026-08-01
1000,476.0,2026-08-01
1001,733.0,2026-08-01
1002,670.0,2026-08-01
1003,515.0,2026-08-01
1004,801.0,2026-08-01
1005,141.0,2026-08-01
1006,831.0,2026-08-01
1007,769.0,2026-08-01
1008,468.0,2026-08-01
1009,668.0,2026-08-01
1010,482.0,2026-08-01
1011,263.0,2026-08-01
1012,725.0,2026-08-01
1013,243.0,2026-08-01
1014,303.0,2026-08-01
1015,481.0,2026-08-01
1016,758.0,2026-08-01
1017,364.0,2026-08-01
1018,459.0,2026-08-01
1019,66.0,2026-08-01
1020,130.0,2026-08-01
1021,78.0,2026-08-01
1022,92.0,2026-08-01
1023,785.0,2026-08-01
1024,762.0,2026-08-01
1025,745.0,2026-08-01
1026,78.0,2026-08-01
1027,97.0,2026-08-01
1028,274.0,2026-08-01
1029,521.0,2026-08-01
1030,320.0,2026-08-01
1031,454.0,2026-08-01
1032,180.0,2026-08-01
1033,665.0,2026-08-01
1034,303.0,2026-08-01
1035,87.0,2026-08-01
1036,676.0,2026-08-01
1037,815.0,2026-08-01
1038,42.0,2026-08-01
1039,409.0,2026-08-01
1040,749.0,2026-08-01
1041,644.0,2026-08-01
1042,775.0,2026-08-01
1043,391.0,2026-08-01
1044,353.0,2026-08-01
1045,646.0,2026-08-01
1046,163.0,2026-08-01
1047,238.0,2026-08-01
1048,552.0,2026-08-01
1049,611.0,2026-08-01
1050,134.0,2026-08-01
1051,472.0,2026-08-01
1052,347.0,2026-08-01
1053,466.0,2026-08-01
1054,863.0,2026-08-01
1055,96.0,2026-08-01
1056,896.0,2026-08-01
1057,421.0,2026-08-01
1058,701.0,2026-08-01
1059,399.0,2026-08-01
1060,300.0,2026-08-01
1061,700.0,2026-08-01
1062,628.0,2026-08-01
1063,155.0,2026-08-01
1064,643.0,2026-08-01
1065,685.0,2026-08-01
1066,367.0,2026-08-01
1067,835.0,2026-08-01
1068,587.0,2026-08-01
1069,320.0,2026-08-01
1070,39.0,2026-08-01
1071,617.0,2026-08-01
1072,211.0,2026-08-01
1073,688.0,2026-08-01
1074,486.0,2026-08-01
1075,436.0,2026-08-01
1076,172.0,2026-08-01
1077,649.0,2026-08-01
1078,174.0,2026-08-01
1079,393.0,2026-08-01
1080,757.0,2026-08-01
1081,830.0,2026-08-01
1082,890.0,2026-08-01
1083,863.0,2026-08-01
1084,513.0,2026-08-01
1085,204.0,2026-08-01
1086,759.0,2026-08-01
1087,727.0,2026-08-01
1088,891.0,2026-08-01
1089,596.0,2026-08-01
1090,153.0,2026-08-01
1091,467.0,2026-08-01
1092,419.0,2026-08-01
1093,763.0,2026-08-01
1094,371.0,2026-08-01
1095,315.0,2026-08-01
1096,99.0,2026-08-01
1097,756.0,2026-08-01
1098,687.0,2026-08-01
1099,65.0,2026-08-01
1100,407.0,2026-08-01
1101,447.0,2026-08-01
1102,438.0,2026-08-01
1103,829.0,2026-08-01
1104,161.0,2026-08-01
1105,296.0,2026-08-01
1106,187.0,2026-08-01
1107,242.0,2026-08-01
1108,819.0,2026-08-01
1109,848.0,2026-08-01
1110,68.0,2026-08-01
1111,579.0,2026-08-01
1112,232.0,2026-08-01
1113,197.0,2026-08-01
1114,284.0,2026-08-01
1115,199.0,2026-08-01
1116,456.0,2026-08-01
1117,896.0,2026-08-01
1118,540.0,2026-08-01
1119,659.0,2026-08-01
1120,459.0,2026-08-01
1121,42.0,2026-08-01
1122,103.0,2026-08-01
1123,263.0,2026-08-01
1124,241.0,2026-08-01
1125,761.0,2026-08-01
1126,763.0,2026-08-01
1127,773.0,2026-08-01
1128,584.0,2026-08-01
1129,513.0,2026-08-01
1130,594.0,2026-08-01
1131,383.0,2026-08-01
1132,613.0,2026-08-01
1133,721.0,2026-08-01
1134,693.0,2026-08-01
1135,564.0,2026-08-01
1136,80.0,2026-08-01
1137,660.0,2026-08-01
1138,348.0,2026-08-01
1139,676.0,2026-08-01
1140,499.0,2026-08-01
1141,796.0,2026-08-01
1142,324.0,2026-08-01
1143,840.0,2026-08-01
1144,764.0,2026-08-01
1145,318.0,2026-08-01
1146,449.0,2026-08-01
1147,492.0,2026-08-01
1148,698.0,2026-08-01
1149,629.0,2026-08-01
1150,771.0,2026-08-01
1151,351.0,2026-08-01
1152,469.0,2026-08-01
1153,404.0,2026-08-01
1154,821.0,2026-08-01
1155,295.0,2026-08-01
1156,540.0,2026-08-01
1157,134.0,2026-08-01
1158,769.0,2026-08-01
1159,364.0,2026-08-01
1160,326.0,2026-08-01
1161,537.0,2026-08-01
1162,463.0,2026-08-01
1163,767.0,2026-08-01
1164,492.0,2026-08-01
1165,479.0,2026-08-01
1166,121.0,2026-08-01
1167,49.0,2026-08-01
1168,376.0,2026-08-01
1169,898.0,2026-08-01
1170,828.0,2026-08-01
1171,577.0,2026-08-01
1172,578.0,2026-08-01
1173,370.0,2026-08-01
1174,184.0,2026-08-01
1175,37.0,2026-08-01
1176,324.0,2026-08-01
1177,305.0,2026-08-01
1178,196.0,2026-08-01
1179,255.0,2026-08-01
1180,51.0,2026-08-01
1181,558.0,2026-08-01
1182,836.0,2026-08-01
1183,630.0,2026-08-01
1184,419.0,2026-08-01
1185,395.0,2026-08-01
1186,297.0,2026-08-01
1187,153.0,2026-08-01
1188,550.0,2026-08-01
1189,522.0,2026-08-01
1190,36.0,2026-08-01
1191,391.0,2026-08-01
1192,271.0,2026-08-01
1193,178.0,2026-08-01
1194,641.0,2026-08-01
1195,487.0,2026-08-01
1196,581.0,2026-08-01
1197,650.0,2026-08-01
1198,884.0,2026-08-01
1199,728.0,2026-08-01
1200,569.0,2026-08-01
1201,794.0,2026-08-01
1202,445.0,2026-08-01
1203,886.0,2026-08-01
1204,692.0,2026-08-01
1205,596.0,2026-08-01
1206,815.0,2026-08-01
1207,478.0,2026-08-01
1208,657.0,2026-08-01
1209,277.0,2026-08-01
1210,867.0,2026-08-01
1211,572.0,2026-08-01
1212,710.0,2026-08-01
1213,430.0,2026-08-01
1214,784.0,2026-08-01
1215,94.0,2026-08-01
1216,129.0,2026-08-01
1217,471.0,2026-08-01
1218,667.0,2026-08-01
1219,734.0,2026-08-01
1220,412.0,2026-08-01
1221,595.0,2026-08-01
1222,511.0,2026-08-01
1223,866.0,2026-08-01
1224,599.0,2026-08-01
1225,392.0,2026-08-01
1226,873.0,2026-08-01
1227,123.0,2026-08-01
1228,886.0,2026-08-01
1229,163.0,2026-08-01
1230,280.0,2026-08-01
1231,744.0,2026-08-01
1232,668.0,2026-08-01
1233,874.0,2026-08-01
1234,682.0,2026-08-01
1235,584.0,2026-08-01
1236,331.0,2026-08-01
1237,34.0,2026-08-01
1238,137.0,2026-08-01
1239,289.0,2026-08-01
1240,65.0,2026-08-01
1241,472.0,2026-08-01
1242,706.0,2026-08-01
1243,868.0,2026-08-01
1244,456.0,2026-08-01
1245,791.0,2026-08-01
1246,887.0,2026-08-01
1247,778.0,2026-08-01
1248,434.0,2026-08-01
1249,312.0,2026-08-01
1250,880.0,2026-08-01
1251,240.0,2026-08-01
1252,388.0,2026-08-01
1253,94.0,2026-08-01
1254,720.0,2026-08-01
1255,595.0,2026-08-01
1256,103.0,2026-08-01
1257,223.0,2026-08-01
1258,513.0,2026-08-01
1259,500.0,2026-08-01
1260,727.0,2026-08-01
1261,261.0,2026-08-01
1262,834.0,2026-08-01
1263,416.0,2026-08-01
1264,745.0,2026-08-01
1265,237.0,2026-08-01
1266,62.0,2026-08-01
1267,77.0,2026-08-01
1268,354.0,2026-08-01
1269,859.0,2026-08-01
1270,72.0,2026-08-01
1271,351.0,2026-08-01
1272,125.0,2026-08-01
1273,840.0,2026-08-01
1274,617.0,2026-08-01
1275,693.0,2026-08-01
1276,650.0,2026-08-01
1277,601.0,2026-08-01
1278,703.0,2026-08-01
1279,37.0,2026-08-01
1280,782.0,2026-08-01
1281,673.0,2026-08-01
1282,673.0,2026-08-01
1283,372.0,2026-08-01
1284,726.0,2026-08-01
1285,362.0,2026-08-01
1286,72.0,2026-08-01
1287,819.0,2026-08-01
1288,234.0,2026-08-01
1289,118.0,2026-08-01
1290,571.0,2026-08-01
1291,233.0,2026-08-01
1292,776.0,2026-08-01
1293,416.0,2026-08-01
1294,33.0,2026-08-01
1295,857.0,2026-08-01
1296,477.0,2026-08-01
1297,258.0,2026-08-01
1298,619.0,2026-08-01
1299,491.0,2026-08-01
1300,55.0,2026-08-01
1301,690.0,2026-08-01
1302,379.0,2026-08-01
1303,638.0,2026-08-01
1304,809.0,2026-08-01
1305,561.0,2026-08-01
1306,614.0,2026-08-01
1307,251.0,2026-08-01
1308,236.0,2026-08-01
1309,391.0,2026-08-01
1310,771.0,2026-08-01
1311,486.0,2026-08-01
1312,332.0,2026-08-01
1313,708.0,2026-08-01
1314,772.0,2026-08-01
1315,815.0,2026-08-01
1316,290.0,2026-08-01
1317,647.0,2026-08-01
1318,543.0,2026-08-01
1319,420.0,2026-08-01
1320,375.0,2026-08-01
1321,129.0,2026-08-01
1322,269.0,2026-08-01
1323,508.0,2026-08-01
1324,801.0,2026-08-01
1325,783.0,2026-08-01
1326,193.0,2026-08-01
1327,621.0,2026-08-01
1328,103.0,2026-08-01
1329,617.0,2026-08-01
1330,327.0,2026-08-01
1331,421.0,2026-08-01
1332,654.0,2026-08-01
1333,399.0,2026-08-01
1334,732.0,2026-08-01
1335,494.0,2026-08-01
1336,898.0,2026-08-01
1337,585.0,2026-08-01
1338,287.0,2026-08-01
1339,704.0,2026-08-01
1340,384.0,2026-08-01
1341,494.0,2026-08-01
1342,149.0,2026-08-01
1343,133.0,2026-08-01
1344,530.0,2026-08-01
1345,192.0,2026-08-01
1346,897.0,2026-08-01
1347,774.0,2026-08-01
1348,639.0,2026-08-01
1349,669.0,2026-08-01
1350,547.0,2026-08-01
1351,82.0,2026-08-01
1352,371.0,2026-08-01
1353,461.0,2026-08-01
1354,826.0,2026-08-01
1355,220.0,2026-08-01
1356,462.0,2026-08-01
1357,329.0,2026-08-01
1358,146.0,2026-08-01
1359,119.0,2026-08-01
1360,347.0,2026-08-01
1361,101.0,2026-08-01
1362,88.0,2026-08-01
1363,335.0,2026-08-01
1364,205.0,2026-08-01
1365,512.0,2026-08-01
1366,45.0,2026-08-01
1367,292.0,2026-08-01
1368,424.0,2026-08-01
1369,867.0,2026-08-01
1370,582.0,2026-08-01
1371,796.0,2026-08-01
1372,328.0,2026-08-01
1373,421.0,2026-08-01
1374,395.0,2026-08-01
1375,802.0,2026-08-01
1376,864.0,2026-08-01
1377,867.0,2026-08-01
1378,684.0,2026-08-01
1379,467.0,2026-08-01
1380,500.0,2026-08-01
1381,883.0,2026-08-01
1382,277.0,2026-08-01
1383,331.0,2026-08-01
1384,810.0,2026-08-01
1385,366.0,2026-08-01
1386,234.0,2026-08-01
1387,517.0,2026-08-01
1388,313.0,2026-08-01
1389,805.0,2026-08-01
1390,820.0,2026-08-01
1391,296.0,2026-08-01
1392,490.0,2026-08-01
1393,886.0,2026-08-01
1394,675.0,2026-08-01
1395,217.0,2026-08-01
1396,543.0,2026-08-01
1397,569.0,2026-08-01
1398,598.0,2026-08-01
1399,51.0,2026-08-01
1400,290.0,2026-08-01
1401,773.0,2026-08-01
1402,239.0,2026-08-01
1403,290.0,2026-08-01
1404,310.0,2026-08-01
1405,184.0,2026-08-01
1406,165.0,2026-08-01
1407,331.0,2026-08-01
1408,790.0,2026-08-01
1409,31.0,2026-08-01
1410,276.0,2026-08-01
1411,82.0,2026-08-01
1412,518.0,2026-08-01
1413,248.0,2026-08-01
1414,719.0,2026-08-01
1415,538.0,2026-08-01
1416,711.0,2026-08-01
1417,582.0,2026-08-01
1418,411.0,2026-08-01
1419,779.0,2026-08-01
1420,444.0,2026-08-01
1421,856.0,2026-08-01
1422,895.0,2026-08-01
1423,542.0,2026-08-01
1424,616.0,2026-08-01
1425,252.0,2026-08-01
1426,738.0,2026-08-01
1427,614.0,2026-08-01
1428,815.0,2026-08-01
1429,262.0,2026-08-01
1430,715.0,2026-08-01
1431,439.0,2026-08-01
1432,191.0,2026-08-01
1433,178.0,2026-08-01
1434,519.0,2026-08-01
1435,307.0,2026-08-01
1436,118.0,2026-08-01
1437,401.0,2026-08-01
1438,598.0,2026-08-01
1439,307.0,2026-08-01
1440,861.0,2026-08-01
1441,708.0,2026-08-01
1442,476.0,2026-08-01
1443,843.0,2026-08-01
1444,406.0,2026-08-01
1445,151.0,2026-08-01
1446,61.0,2026-08-01
1447,846.0,2026-08-01
1448,865.0,2026-08-01
1449,673.0,2026-08-01
1450,119.0,2026-08-01
1451,285.0,2026-08-01
1452,65.0,2026-08-01
1453,74.0,2026-08-01
1454,244.0,2026-08-01
1455,527.0,2026-08-01
1456,87.0,2026-08-01
1457,886.0,2026-08-01
1458,425.0,2026-08-01
1459,259.0,2026-08-01
1460,478.0,2026-08-01
1461,717.0,2026-08-01
1462,301.0,2026-08-01
1463,71.0,2026-08-01
1464,74.0,2026-08-01
1465,771.0,2026-08-01
1466,127.0,2026-08-01
1467,582.0,2026-08-01
1468,364.0,2026-08-01
1469,706.0,2026-08-01
1470,82.0,2026-08-01
1471,811.0,2026-08-01
1472,637.0,2026-08-01
1473,420.0,2026-08-01
1474,210.0,2026-08-01
1475,880.0,2026-08-01
1476,292.0,2026-08-01
1477,456.0,2026-08-01
1478,372.0,2026-08-01
1479,230.0,2026-08-01
1480,392.0,2026-08-01
1481,161.0,2026-08-01
1482,31.0,2026-08-01
1483,282.0,2026-08-01
1484,127.0,2026-08-01
1485,390.0,2026-08-01
1486,780.0,2026-08-01
1487,171.0,2026-08-01
1488,31.0,2026-08-01
1489,126.0,2026-08-01
1490,472.0,2026-08-01
1491,269.0,2026-08-01
1492,455.0,2026-08-01
1493,55.0,2026-08-01
1494,319.0,2026-08-01
1495,386.0,2026-08-01
1496,405.0,2026-08-01
1497,509.0,2026-08-01
1498,709.0,2026-08-01
1499,436.0,2026-08-01
1500,761.0,2026-08-01
