customer_id,recent_spend_90d,as_of_date
1,0.0,2026-08-01
2,136.62,2026-08-01
3,0.0,2026-08-01
4,0.0,2026-08-01
5,34.26,2026-08-01
6,104.23,2026-08-01
7,52.4,2026-08-01
8,130.76,2026-08-01
9,15.51,2026-08-01
10,92.96000000000001,2026-08-01
11,31.41,2026-08-01
12,64.75999999999999,2026-08-01
13,0.0,2026-08-01
14,62.59,2026-08-01
15,127.57,2026-08-01
16,0.0,2026-08-01
17,40.51,2026-08-01
18,572.72,2026-08-01
19,135.47,2026-08-01
20,29.13,2026-08-01
21,175.38,2026-08-01
22,9.2,2026-08-01
23,0.0,2026-08-01
24,11.88,2026-08-01
25,48.26,2026-08-01
26,176.03,2026-08-01
27,65.92,2026-08-01
28,260.0,2026-08-01
29,74.36,2026-08-01
30,60.0,2026-08-01
31,103.63000000000001,2026-08-01
32,38.86,2026-08-01
33,78.09,2026-08-01
34,291.6,2026-08-01
35,14.68,2026-08-01
36,89.19,2026-08-01
37,0.0,2026-08-01
38,52.42,2026-08-01
39,538.26,2026-08-01
40,176.38,2026-08-01
41,31.5,2026-08-01
42,300.18,2026-08-01
43,341.75,2026-08-01
44,33.54,2026-08-01
45,9.61,2026-08-01
46,10.74,2026-08-01
47,221.28,2026-08-01
48,58.23,2026-08-01
49,113.85000000000001,2026-08-01
50,23.32,2026-08-01
51,141.01,2026-08-01
52,356.67,2026-08-01
53,200.24,2026-08-01
54,50.620000000000005,2026-08-01
55,242.71,2026-08-01
56,8.07,2026-08-01
57,162.69,2026-08-01
58,0.0,2026-08-01
59,333.08,2026-08-01
60,167.97,2026-08-01
61,146.84,2026-08-01
62,0.0,2026-08-01
63,0.0,2026-08-01
64,69.12,2026-08-01
65,80.41000000000001,2026-08-01
66,205.07,2026-08-01
67,155.49,2026-08-01
68,42.47,2026-08-01
69,37.03,2026-08-01
70,322.99,2026-08-01
71,21.03,2026-08-01
72,48.940000000000005,2026-08-01
73,98.85,2026-08-01
74,205.16,2026-08-01
75,253.32,2026-08-01
76,139.85,2026-08-01
77,86.19,2026-08-01
78,176.71,2026-08-01
79,69.45,2026-08-01
80,95.17,2026-08-01
81,68.22,2026-08-01
82,40.66,2026-08-01
83,15.75,2026-08-01
84,260.98,2026-08-01
85,150.31,2026-08-01
86,100.45,2026-08-01
87,63.56,2026-08-01
88,337.34000000000003,2026-08-01
89,111.44,2026-08-01
90,26.36,2026-08-01
91,149.76,2026-08-01
92,0.0,2026-08-01
93,288.76,2026-08-01
94,128.3,2026-08-01
95,0.0,2026-08-01
96,120.89,2026-08-01
97,170.14,2026-08-01
98,70.06,2026-08-01
99,208.61,2026-08-01
100,0.0,2026-08-01
101,44.7,2026-08-01
102,161.49,2026-08-01
103,0.0,2026-08-01
104,0.0,2026-08-01
105,6.94,2026-08-01
106,127.17,2026-08-01
107,121.24,2026-08-01
108,272.56,2026-08-01
109,77.57,2026-08-01
110,0.0,2026-08-01
111,142.97,2026-08-01
112,39.64,2026-08-01
113,0.0,2026-08-01
114,320.47,2026-08-01
115,0.0,2026-08-01
116,137.66,2026-08-01
117,0.0,2026-08-01
118,19.19,2026-08-01
119,142.92000000000002,2026-08-01
120,86.09,2026-08-01
121,168.86,2026-08-01
122,321.7,2026-08-01
123,94.93,2026-08-01
124,15.7,2026-08-01
125,116.28,2026-08-01
126,5.36,2026-08-01
127,115.07,2026-08-01
128,643.5799999999999,2026-08-01
129,343.59,2026-08-01
130,98.97,2026-08-01
131,415.13,2026-08-01
132,5.97,2026-08-01
133,0.0,2026-08-01
134,102.82,2026-08-01
135,120.17,2026-08-01
136,426.81,2026-08-01
137,183.3,2026-08-01
138,0.0,2026-08-01
139,15.9,2026-08-01
140,93.27,2026-08-01
141,35.81,2026-08-01
142,368.51000000000005,2026-08-01
143,195.21,2026-08-01
144,125.63000000000001,2026-08-01
145,44.349999999999994,2026-08-01
146,157.12,2026-08-01
147,37.76,2026-08-01
148,6.59,2026-08-01
149,180.60999999999999,2026-08-01
150,304.90999999999997,2026-08-01
151,155.78,2026-08-01
152,159.83999999999997,2026-08-01
153,44.81,2026-08-01
154,37.2,2026-08-01
155,60.739999999999995,2026-08-01
156,10.59,2026-08-01
157,207.82,2026-08-01
158,0.0,2026-08-01
159,0.0,2026-08-01
160,82.89,2026-08-01
161,197.94,2026-08-01
162,37.36,2026-08-01
163,109.31,2026-08-01
164,153.17,2026-08-01
165,80.96,2026-08-01
166,806.05,2026-08-01
167,68.62,2026-08-01
168,209.26,2026-08-01
169,29.1,2026-08-01
170,8.97,2026-08-01
171,22.88,2026-08-01
172,321.99000000000007,2026-08-01
173,148.49,2026-08-01
174,38.21,2026-08-01
175,112.3,2026-08-01
176,19.02,2026-08-01
177,32.9,2026-08-01
178,241.66,2026-08-01
179,41.160000000000004,2026-08-01
180,30.84,2026-08-01
181,0.0,2026-08-01
182,178.06,2026-08-01
183,195.10000000000002,2026-08-01
184,5.73,2026-08-01
185,156.05,2026-08-01
186,49.77,2026-08-01
187,95.57000000000001,2026-08-01
188,109.99,2026-08-01
189,123.91,2026-08-01
190,7.14,2026-08-01
191,27.88,2026-08-01
192,164.82,2026-08-01
193,0.0,2026-08-01
194,176.84,2026-08-01
195,156.78,2026-08-01
196,223.44,2026-08-01
197,69.27000000000001,2026-08-01
198,69.97999999999999,2026-08-01
199,134.93,2026-08-01
200,48.0,2026-08-01
201,815.22,2026-08-01
202,20.53,2026-08-01
203,0.0,2026-08-01
204,286.73,2026-08-01
205,64.87,2026-08-01
206,0.0,2026-08-01
207,0.0,2026-08-01
208,42.92,2026-08-01
209,11.48,2026-08-01
210,63.55,2026-08-01
211,58.56999999999999,2026-08-01
212,158.42000000000002,2026-08-01
213,44.04,2026-08-01
214,60.01,2026-08-01
215,36.21,2026-08-01
216,72.48,2026-08-01
217,203.59,2026-08-01
218,34.72,2026-08-01
219,9.65,2026-08-01
220,98.2,2026-08-01
221,386.71,2026-08-01
222,14.13,2026-08-01
223,316.02000000000004,2026-08-01
224,112.03999999999999,2026-08-01
225,157.45,2026-08-01
226,23.64,2026-08-01
227,38.47,2026-08-01
228,128.85,2026-08-01
229,128.41,2026-08-01
230,61.879999999999995,2026-08-01
231,44.06,2026-08-01
232,73.59,2026-08-01
233,0.0,2026-08-01
234,118.29,2026-08-01
235,64.17,2026-08-01
236,375.94,2026-08-01
237,120.38,2026-08-01
238,21.58,2026-08-01
239,112.84,2026-08-01
240,87.37,2026-08-01
241,192.01,2026-08-01
242,0.0,2026-08-01
243,0.0,2026-08-01
244,100.9,2026-08-01
245,66.93,2026-08-01
246,0.0,2026-08-01
247,0.0,2026-08-01
248,60.39,2026-08-01
249,47.14,2026-08-01
250,0.0,2026-08-01
251,119.05000000000001,2026-08-01
252,22.63,2026-08-01
253,0.0,2026-08-01
254,0.0,2026-08-01
255,479.93,2026-08-01
256,63.150000000000006,2026-08-01
257,50.49,2026-08-01
258,0.0,2026-08-01
259,52.77,2026-08-01
260,347.06,2026-08-01
261,361.26,2026-08-01
262,208.95,2026-08-01
263,297.90000000000003,2026-08-01
264,92.14,2026-08-01
265,15.45,2026-08-01
266,58.32,2026-08-01
267,111.33,2026-08-01
268,357.22999999999996,2026-08-01
269,22.47,2026-08-01
270,125.41999999999999,2026-08-01
271,33.56,2026-08-01
272,0.0,2026-08-01
273,87.12,2026-08-01
274,446.92999999999995,2026-08-01
275,176.74,2026-08-01
276,110.3,2026-08-01
277,18.01,2026-08-01
278,197.34,2026-08-01
279,0.0,2026-08-01
280,139.66,2026-08-01
281,191.12,2026-08-01
282,158.56,2026-08-01
283,84.06,2026-08-01
284,28.900000000000002,2026-08-01
285,73.44,2026-08-01
286,99.94999999999999,2026-08-01
287,131.15,2026-08-01
288,42.21,2026-08-01
289,165.67,2026-08-01
290,25.61,2026-08-01
291,49.96000000000001,2026-08-01
292,166.61,2026-08-01
293,30.87,2026-08-01
294,27.55,2026-08-01
295,154.26,2026-08-01
296,124.73,2026-08-01
297,205.55,2026-08-01
298,179.76,2026-08-01
299,230.0,2026-08-01
300,449.24,2026-08-01
301,0.0,2026-08-01
302,21.17,2026-08-01
303,44.84,2026-08-01
304,244.18,2026-08-01
305,0.0,2026-08-01
306,58.4,2026-08-01
307,27.64,2026-08-01
308,563.21,2026-08-01
309,55.3,2026-08-01
310,88.99000000000001,2026-08-01
311,212.26999999999998,2026-08-01
312,72.0,2026-08-01
313,0.0,2026-08-01
314,143.8,2026-08-01
315,71.38,2026-08-01
316,72.37,2026-08-01
317,150.99,2026-08-01
318,76.91,2026-08-01
319,36.12,2026-08-01
320,140.44,2026-08-01
321,73.48,2026-08-01
322,73.86,2026-08-01
323,817.22,2026-08-01
324,338.07,2026-08-01
325,54.5,2026-08-01
326,0.0,2026-08-01
327,236.77,2026-08-01
328,57.34,2026-08-01
329,219.72,2026-08-01
330,34.29,2026-08-01
331,17.77,2026-08-01
332,81.85,2026-08-01
333,207.33,2026-08-01
334,96.37,2026-08-01
335,430.16999999999996,2026-08-01
336,27.72,2026-08-01
337,122.7,2026-08-01
338,149.04000000000002,2026-08-01
339,227.67,2026-08-01
340,0.0,2026-08-01
341,18.75,2026-08-01
342,151.01999999999998,2026-08-01
343,70.60000000000001,2026-08-01
344,28.39,2026-08-01
345,70.67,2026-08-01
346,128.15,2026-08-01
347,94.85,2026-08-01
348,237.38,2026-08-01
349,93.96000000000001,2026-08-01
350,80.06,2026-08-01
351,136.96,2026-08-01
352,36.78,2026-08-01
353,125.69999999999999,2026-08-01
354,44.36,2026-08-01
355,24.73,2026-08-01
356,117.44,2026-08-01
357,62.84,2026-08-01
358,0.0,2026-08-01
359,22.32,2026-08-01
360,56.04,2026-08-01
361,116.64,2026-08-01
362,117.13,2026-08-01
363,129.79000000000002,2026-08-01
364,138.6,2026-08-01
365,18.71,2026-08-01
366,123.78999999999999,2026-08-01
367,176.6,2026-08-01
368,165.59,2026-08-01
369,0.0,2026-08-01
370,304.29,2026-08-01
371,77.92,2026-08-01
372,86.59,2026-08-01
373,272.73,2026-08-01
374,174.59,2026-08-01
375,13.43,2026-08-01
376,13.79,2026-08-01
377,127.14,2026-08-01
378,28.35,2026-08-01
379,23.98,2026-08-01
380,46.32,2026-08-01
381,0.0,2026-08-01
382,46.21,2026-08-01
383,146.04,2026-08-01
384,82.44,2026-08-01
385,30.19,2026-08-01
386,168.03,2026-08-01
387,0.0,2026-08-01
388,77.92,2026-08-01
389,64.14,2026-08-01
390,57.51,2026-08-01
391,149.32,2026-08-01
392,53.05,2026-08-01
393,362.95000000000005,2026-08-01
394,238.73,2026-08-01
395,173.82999999999998,2026-08-01
396,95.82,2026-08-01
397,90.35,2026-08-01
398,37.04,2026-08-01
399,214.5,2026-08-01
400,0.0,2026-08-01
401,40.94,2026-08-01
402,35.89,2026-08-01
403,184.34,2026-08-01
404,0.0,2026-08-01
405,76.04,2026-08-01
406,0.0,2026-08-01
407,39.47,2026-08-01
408,29.94,2026-08-01
409,68.67,2026-08-01
410,0.0,2026-08-01
411,100.38000000000001,2026-08-01
412,108.95,2026-08-01
413,366.47,2026-08-01
414,18.28,2026-08-01
415,23.3,2026-08-01
416,202.01999999999998,2026-08-01
417,209.54999999999998,2026-08-01
418,0.0,2026-08-01
419,165.26999999999998,2026-08-01
420,12.12,2026-08-01
421,85.94,2026-08-01
422,10.2,2026-08-01
423,262.98,2026-08-01
424,211.38,2026-08-01
425,19.12,2026-08-01
426,478.88,2026-08-01
427,68.16,2026-08-01
428,220.29,2026-08-01
429,0.0,2026-08-01
430,238.59000000000003,2026-08-01
431,0.0,2026-08-01
432,261.38,2026-08-01
433,379.87,2026-08-01
434,33.64,2026-08-01
435,114.89999999999999,2026-08-01
436,0.0,2026-08-01
437,52.25,2026-08-01
438,18.93,2026-08-01
439,0.0,2026-08-01
440,19.92,2026-08-01
441,252.76999999999998,2026-08-01
442,138.21,2026-08-01
443,41.87,2026-08-01
444,91.16,2026-08-01
445,70.89,2026-08-01
446,0.0,2026-08-01
447,125.26,2026-08-01
448,85.69,2026-08-01
449,22.97,2026-08-01
450,317.65,2026-08-01
451,130.1,2026-08-01
452,200.75,2026-08-01
453,73.82,2026-08-01
454,0.0,2026-08-01
455,98.73,2026-08-01
456,35.21,2026-08-01
457,27.66,2026-08-01
458,5.51,2026-08-01
459,130.6,2026-08-01
460,61.89,2026-08-01
461,73.95,2026-08-01
462,0.0,2026-08-01
463,180.06,2026-08-01
464,0.0,2026-08-01
465,18.55,2026-08-01
466,66.7,2026-08-01
467,85.06,2026-08-01
468,37.980000000000004,2026-08-01
469,232.32999999999998,2026-08-01
470,135.43,2026-08-01
471,285.62,2026-08-01
472,293.02,2026-08-01
473,333.53,2026-08-01
474,181.22,2026-08-01
475,53.66,2026-08-01
476,70.79,2026-08-01
477,142.31,2026-08-01
478,41.02,2026-08-01
479,25.39,2026-08-01
480,21.09,2026-08-01
481,18.54,2026-08-01
482,21.17,2026-08-01
483,139.78,2026-08-01
484,40.8,2026-08-01
485,265.66999999999996,2026-08-01
486,32.72,2026-08-01
487,63.36,2026-08-01
488,65.47,2026-08-01
489,34.19,2026-08-01
490,41.96,2026-08-01
491,106.74000000000001,2026-08-01
492,116.22999999999999,2026-08-01
493,0.0,2026-08-01
494,243.61,2026-08-01
495,0.0,2026-08-01
496,233.05,2026-08-01
497,264.4,2026-08-01
498,332.08,2026-08-01
499,104.61,2026-08-01
500,84.16,2026-08-01
501,15.87,2026-08-01
502,289.79,2026-08-01
503,83.89,2026-08-01
504,78.1,2026-08-01
505,261.38,2026-08-01
506,63.769999999999996,2026-08-01
507,0.0,2026-08-01
508,72.38,2026-08-01
509,334.97,2026-08-01
510,24.68,2026-08-01
511,0.0,2026-08-01
512,88.61,2026-08-01
513,289.42,2026-08-01
514,234.76,2026-08-01
515,179.34,2026-08-01
516,9.07,2026-08-01
517,45.66,2026-08-01
518,0.0,2026-08-01
519,0.0,2026-08-01
520,171.51,2026-08-01
521,217.77,2026-08-01
522,42.22,2026-08-01
523,56.57,2026-08-01
524,13.98,2026-08-01
525,0.0,2026-08-01
526,361.78,2026-08-01
527,470.24,2026-08-01
528,42.81,2026-08-01
529,39.44,2026-08-01
530,68.47,2026-08-01
531,10.64,2026-08-01
532,112.39999999999999,2026-08-01
533,166.16,2026-08-01
534,0.0,2026-08-01
535,311.14,2026-08-01
536,0.0,2026-08-01
537,202.91,2026-08-01
538,10.1,2026-08-01
539,66.12,2026-08-01
540,0.0,2026-08-01
541,48.09,2026-08-01
542,32.04,2026-08-01
543,166.70999999999998,2026-08-01
544,64.09,2026-08-01
545,124.22999999999999,2026-08-01
546,0.0,2026-08-01
547,345.58,2026-08-01
548,24.5,2026-08-01
549,0.0,2026-08-01
550,40.120000000000005,2026-08-01
551,90.48,2026-08-01
552,0.0,2026-08-01
553,52.93,2026-08-01
554,0.0,2026-08-01
555,124.22,2026-08-01
556,214.14000000000001,2026-08-01
557,218.78,2026-08-01
558,93.99,2026-08-01
559,124.93,2026-08-01
560,229.02,2026-08-01
561,294.84000000000003,2026-08-01
562,15.51,2026-08-01
563,188.98000000000002,2026-08-01
564,105.30000000000001,2026-08-01
565,374.37,2026-08-01
566,293.29999999999995,2026-08-01
567,6.42,2026-08-01
568,146.5,2026-08-01
569,8.52,2026-08-01
570,241.51,2026-08-01
571,306.92,2026-08-01
572,153.34,2026-08-01
573,37.54,2026-08-01
574,0.0,2026-08-01
575,0.0,2026-08-01
576,265.17,2026-08-01
577,82.02000000000001,2026-08-01
578,180.94,2026-08-01
579,58.89,2026-08-01
580,63.49,2026-08-01
581,14.59,2026-08-01
582,39.23,2026-08-01
583,103.1,2026-08-01
584,21.38,2026-08-01
585,58.290000000000006,2026-08-01
586,64.22,2026-08-01
587,368.94,2026-08-01
588,54.58,2026-08-01
589,0.0,2026-08-01
590,32.36,2026-08-01
591,171.51,2026-08-01
592,281.47,2026-08-01
593,0.0,2026-08-01
594,117.75999999999999,2026-08-01
595,191.83,2026-08-01
596,226.04,2026-08-01
597,120.10000000000001,2026-08-01
598,54.46,2026-08-01
599,101.79,2026-08-01
600,299.01,2026-08-01
601,129.44,2026-08-01
602,11.4,2026-08-01
603,46.61,2026-08-01
604,57.78,2026-08-01
605,0.0,2026-08-01
606,4.65,2026-08-01
607,178.02999999999997,2026-08-01
608,9.93,2026-08-01
609,29.17,2026-08-01
610,241.58,2026-08-01
611,54.36,2026-08-01
612,0.0,2026-08-01
613,222.12,2026-08-01
614,169.76,2026-08-01
615,38.74,2026-08-01
616,29.25,2026-08-01
617,285.36,2026-08-01
618,79.38,2026-08-01
619,89.72999999999999,2026-08-01
620,0.0,2026-08-01
621,60.879999999999995,2026-08-01
622,230.69,2026-08-01
623,65.68,2026-08-01
624,152.02,2026-08-01
625,80.66,2026-08-01
626,106.87,2026-08-01
627,0.0,2026-08-01
628,242.06,2026-08-01
629,155.35,2026-08-01
630,70.46,2026-08-01
631,147.28,2026-08-01
632,0.0,2026-08-01
633,21.28,2026-08-01
634,0.0,2026-08-01
635,49.47,2026-08-01
636,141.87,2026-08-01
637,19.84,2026-08-01
638,80.27,2026-08-01
639,365.06,2026-08-01
640,346.36,2026-08-01
641,0.0,2026-08-01
642,192.59,2026-08-01
643,93.26,2026-08-01
644,0.0,2026-08-01
645,154.67000000000002,2026-08-01
646,76.65,2026-08-01
647,67.80000000000001,2026-08-01
648,251.28,2026-08-01
649,121.24999999999999,2026-08-01
650,187.74,2026-08-01
651,12.3,2026-08-01
652,79.52,2026-08-01
653,68.93,2026-08-01
654,78.9,2026-08-01
655,107.09,2026-08-01
656,34.93,2026-08-01
657,177.32,2026-08-01
658,145.62,2026-08-01
659,78.91,2026-08-01
660,71.78999999999999,2026-08-01
661,0.0,2026-08-01
662,31.88,2026-08-01
663,259.18,2026-08-01
664,134.02,2026-08-01
665,5.28,2026-08-01
666,52.1,2026-08-01
667,103.38,2026-08-01
668,57.84,2026-08-01
669,100.14,2026-08-01
670,13.47,2026-08-01
671,201.66,2026-08-01
672,278.11,2026-08-01
673,127.06,2026-08-01
674,0.0,2026-08-01
675,155.56,2026-08-01
676,93.89,2026-08-01
677,37.76,2026-08-01
678,22.36,2026-08-01
679,0.0,2026-08-01
680,257.97,2026-08-01
681,0.0,2026-08-01
682,83.42,2026-08-01
683,0.0,2026-08-01
684,0.0,2026-08-01
685,47.57,2026-08-01
686,79.85,2026-08-01
687,9.11,2026-08-01
688,26.06,2026-08-01
689,522.18,2026-08-01
690,20.58,2026-08-01
691,32.1,2026-08-01
692,512.99,2026-08-01
693,126.83,2026-08-01
694,57.03,2026-08-01
695,53.339999999999996,2026-08-01
696,34.730000000000004,2026-08-01
697,0.0,2026-08-01
698,174.58999999999997,2026-08-01
699,31.95,2026-08-01
700,261.57,2026-08-01
701,25.64,2026-08-01
702,353.61,2026-08-01
703,183.53,2026-08-01
704,73.4,2026-08-01
705,0.0,2026-08-01
706,70.94000000000001,2026-08-01
707,0.0,2026-08-01
708,76.09,2026-08-01
709,0.0,2026-08-01
710,90.81,2026-08-01
711,359.79,2026-08-01
712,37.36,2026-08-01
713,419.19,2026-08-01
714,87.11,2026-08-01
715,48.03,2026-08-01
716,319.22,2026-08-01
717,109.55,2026-08-01
718,123.6,2026-08-01
719,68.53,2026-08-01
720,116.56,2026-08-01
721,149.79,2026-08-01
722,16.81,2026-08-01
723,64.38,2026-08-01
724,70.17,2026-08-01
725,30.37,2026-08-01
726,54.790000000000006,2026-08-01
727,125.63,2026-08-01
728,214.8,2026-08-01
729,147.85,2026-08-01
730,272.09999999999997,2026-08-01
731,82.57,2026-08-01
732,84.01,2026-08-01
733,70.98,2026-08-01
734,68.35,2026-08-01
735,121.53999999999999,2026-08-01
736,494.40999999999997,2026-08-01
737,168.52,2026-08-01
738,108.73,2026-08-01
739,77.08,2026-08-01
740,532.6999999999999,2026-08-01
741,76.99,2026-08-01
742,287.65,2026-08-01
743,28.43,2026-08-01
744,225.70999999999998,2026-08-01
745,13.64,2026-08-01
746,211.63,2026-08-01
747,34.82,2026-08-01
748,59.03,2026-08-01
749,173.12,2026-08-01
750,164.31,2026-08-01
751,75.99,2026-08-01
752,299.3,2026-08-01
753,39.4,2026-08-01
754,148.84,2026-08-01
755,189.76,2026-08-01
756,148.01,2026-08-01
757,82.59,2026-08-01
758,25.84,2026-08-01
759,0.0,2026-08-01
760,180.56,2026-08-01
761,222.67000000000002,2026-08-01
762,25.48,2026-08-01
763,0.0,2026-08-01
764,0.0,2026-08-01
765,19.12,2026-08-01
766,15.78,2026-08-01
767,81.27,2026-08-01
768,0.0,2026-08-01
769,35.0,2026-08-01
770,0.0,2026-08-01
771,0.0,2026-08-01
772,411.2,2026-08-01
773,0.0,2026-08-01
774,259.79,2026-08-01
775,46.11,2026-08-01
776,0.0,2026-08-01
777,113.64,2026-08-01
778,0.0,2026-08-01
779,71.21,2026-08-01
780,5.85,2026-08-01
781,217.29,2026-08-01
782,39.07,2026-08-01
783,56.26,2026-08-01
784,235.8,2026-08-01
785,0.0,2026-08-01
786,15.22,2026-08-01
787,0.0,2026-08-01
788,147.82999999999998,2026-08-01
789,1004.22,2026-08-01
790,0.0,2026-08-01
791,64.93,2026-08-01
792,40.53,2026-08-01
793,335.53,2026-08-01
794,226.48000000000002,2026-08-01
795,183.07999999999998,2026-08-01
796,214.95,2026-08-01
797,211.49,2026-08-01
798,0.0,2026-08-01
799,150.67,2026-08-01
800,8.49,2026-08-01
801,0.0,2026-08-01
802,0.0,2026-08-01
803,20.66,2026-08-01
804,234.9,2026-08-01
805,47.92,2026-08-01
806,134.81,2026-08-01
807,110.71,2026-08-01
808,37.16,2026-08-01
809,68.41,2026-08-01
810,265.77,2026-08-01
811,106.79,2026-08-01
812,36.78,2026-08-01
813,21.47,2026-08-01
814,0.0,2026-08-01
815,196.01000000000002,2026-08-01
816,185.38,2026-08-01
817,0.0,2026-08-01
818,78.59,2026-08-01
819,52.21,2026-08-01
820,175.09,2026-08-01
821,0.0,2026-08-01
822,0.0,2026-08-01
823,0.0,2026-08-01
824,274.56,2026-08-01
825,70.88,2026-08-01
826,34.84,2026-08-01
827,192.24,2026-08-01
828,66.7,2026-08-01
829,202.77,2026-08-01
830,0.0,2026-08-01
831,58.17,2026-08-01
832,47.480000000000004,2026-08-01
833,38.68,2026-08-01
834,31.58,2026-08-01
835,66.91,2026-08-01
836,79.16999999999999,2026-08-01
837,94.28,2026-08-01
838,88.55000000000001,2026-08-01
839,79.03,2026-08-01
840,0.0,2026-08-01
841,247.08999999999997,2026-08-01
842,191.87,2026-08-01
843,101.96,2026-08-01
844,0.0,2026-08-01
845,83.9,2026-08-01
846,0.0,2026-08-01
847,74.45,2026-08-01
848,220.93,2026-08-01
849,59.5,2026-08-01
850,95.72,2026-08-01
851,34.54,2026-08-01
852,78.81,2026-08-01
853,291.08,2026-08-01
854,164.57999999999998,2026-08-01
855,249.28,2026-08-01
856,115.01,2026-08-01
857,165.39,2026-08-01
858,0.0,2026-08-01
859,211.32999999999998,2026-08-01
860,184.17000000000002,2026-08-01
861,17.28,2026-08-01
862,57.24,2026-08-01
863,0.0,2026-08-01
864,0.0,2026-08-01
865,0.0,2026-08-01
866,5.08,2026-08-01
867,132.99,2026-08-01
868,148.06,2026-08-01
869,176.57,2026-08-01
870,0.0,2026-08-01
871,165.88,2026-08-01
872,14.29,2026-08-01
873,51.18,2026-08-01
874,47.75,2026-08-01
875,4.02,2026-08-01
876,91.6,2026-08-01
877,232.96,2026-08-01
878,194.73,2026-08-01
879,33.19,2026-08-01
880,35.02,2026-08-01
881,0.0,2026-08-01
882,87.72,2026-08-01
883,53.91,2026-08-01
884,79.18,2026-08-01
885,5.24,2026-08-01
886,25.99,2026-08-01
887,27.89,2026-08-01
888,53.34,2026-08-01
889,0.0,2026-08-01
890,0.0,2026-08-01
891,49.6,2026-08-01
892,118.92999999999999,2026-08-01
893,76.65,2026-08-01
894,208.07,2026-08-01
895,171.74,2026-08-01
896,289.59,2026-08-01
897,19.85,2026-08-01
898,9.13,2026-08-01
899,6.55,2026-08-01
900,108.44,2026-08-01
901,0.0,2026-08-01
902,0.0,2026-08-01
903,178.60000000000002,2026-08-01
904,0.0,2026-08-01
905,52.36,2026-08-01
906,37.2,2026-08-01
907,0.0,2026-08-01
908,22.86,2026-08-01
909,11.14,2026-08-01
910,63.08,2026-08-01
911,88.41,2026-08-01
912,62.24,2026-08-01
913,67.23,2026-08-01
914,74.53999999999999,2026-08-01
915,10.2,2026-08-01
916,21.77,2026-08-01
917,47.870000000000005,2026-08-01
918,317.12,2026-08-01
919,0.0,2026-08-01
920,272.44,2026-08-01
921,35.21,2026-08-01
922,168.74,2026-08-01
923,173.35,2026-08-01
924,78.21,2026-08-01
925,0.0,2026-08-01
926,112.19,2026-08-01
927,73.27,2026-08-01
928,147.16,2026-08-01
929,71.78,2026-08-01
930,28.58,2026-08-01
931,148.66,2026-08-01
932,37.94,2026-08-01
933,271.6,2026-08-01
934,82.94,2026-08-01
935,12.52,2026-08-01
936,96.53000000000002,2026-08-01
937,20.48,2026-08-01
938,61.599999999999994,2026-08-01
939,41.28,2026-08-01
940,0.0,2026-08-01
941,267.18,2026-08-01
942,8.04,2026-08-01
943,346.64,2026-08-01
944,41.989999999999995,2026-08-01
945,316.51,2026-08-01
946,168.09,2026-08-01
947,236.47,2026-08-01
948,0.0,2026-08-01
949,83.51,2026-08-01
950,165.81,2026-08-01
951,155.39,2026-08-01
952,304.90000000000003,2026-08-01
953,462.41,2026-08-01
954,31.83,2026-08-01
955,208.13,2026-08-01
956,431.43,2026-08-01
957,0.0,2026-08-01
958,149.3,2026-08-01
959,20.23,2026-08-01
960,126.19,2026-08-01
961,151.18,2026-08-01
962,73.13,2026-08-01
963,51.879999999999995,2026-08-01
964,39.49,2026-08-01
965,169.51,2026-08-01
966,19.8,2026-08-01
967,331.87,2026-08-01
968,213.27999999999997,2026-08-01
969,333.42,2026-08-01
970,124.49,2026-08-01
971,120.55,2026-08-01
972,77.69,2026-08-01
973,169.88,2026-08-01
974,64.08,2026-08-01
975,0.0,2026-08-01
976,66.85,2026-08-01
977,76.88,2026-08-01
978,228.39000000000001,2026-08-01
979,135.19,2026-08-01
980,0.0,2026-08-01
981,122.45,2026-08-01
982,367.54,2026-08-01
983,98.05,2026-08-01
984,238.93,2026-08-01
985,99.71000000000001,2026-08-01
986,84.23,2026-08-01
987,111.9,2026-08-01
988,268.1,2026-08-01
989,13.68,2026-08-01
990,70.92,2026-08-01
991,0.0,2026-08-01
992,0.0,2026-08-01
993,158.4,2026-08-01
994,72.54,2026-08-01
995,0.0,2026-08-01
996,112.75,2026-08-01
997,162.41,2026-08-01
998,55.05,2026-08-01
999,13.22,2026-08-01
1000,48.34,2026-08-01
1001,71.07,2026-08-01
1002,243.48000000000002,2026-08-01
1003,56.73,2026-08-01
1004,86.31,2026-08-01
1005,0.0,2026-08-01
1006,135.36,2026-08-01
1007,226.9,2026-08-01
1008,255.29,2026-08-01
1009,14.57,2026-08-01
1010,26.94,2026-08-01
1011,143.54,2026-08-01
1012,14.08,2026-08-01
1013,212.88,2026-08-01
1014,84.49,2026-08-01
1015,113.53,2026-08-01
1016,290.51,2026-08-01
1017,91.53,2026-08-01
1018,0.0,2026-08-01
1019,0.0,2026-08-01
1020,0.0,2026-08-01
1021,19.01,2026-08-01
1022,0.0,2026-08-01
1023,296.88,2026-08-01
1024,24.9,2026-08-01
1025,66.24,2026-08-01
1026,0.0,2026-08-01
1027,0.0,2026-08-01
1028,93.67999999999999,2026-08-01
1029,34.99,2026-08-01
1030,18.08,2026-08-01
1031,118.45,2026-08-01
1032,34.9,2026-08-01
1033,275.68,2026-08-01
1034,181.14,2026-08-01
1035,106.51,2026-08-01
1036,61.370000000000005,2026-08-01
1037,0.0,2026-08-01
1038,15.92,2026-08-01
1039,6.41,2026-08-01
1040,11.2,2026-08-01
1041,131.56,2026-08-01
1042,30.11,2026-08-01
1043,73.89,2026-08-01
1044,0.0,2026-08-01
1045,155.16,2026-08-01
1046,0.0,2026-08-01
1047,91.93,2026-08-01
1048,0.0,2026-08-01
1049,93.49,2026-08-01
1050,0.0,2026-08-01
1051,65.73,2026-08-01
1052,123.33,2026-08-01
1053,111.36000000000001,2026-08-01
1054,7.8,2026-08-01
1055,81.71000000000001,2026-08-01
1056,243.89,2026-08-01
1057,128.37,2026-08-01
1058,0.0,2026-08-01
1059,0.0,2026-08-01
1060,106.13,2026-08-01
1061,420.55999999999995,2026-08-01
1062,266.65999999999997,2026-08-01
1063,86.72999999999999,2026-08-01
1064,0.0,2026-08-01
1065,146.55,2026-08-01
1066,226.94,2026-08-01
1067,147.98000000000002,2026-08-01
1068,83.61,2026-08-01
1069,73.85,2026-08-01
1070,81.22,2026-08-01
1071,5.89,2026-08-01
1072,45.76,2026-08-01
1073,417.9,2026-08-01
1074,42.67,2026-08-01
1075,171.72,2026-08-01
1076,38.75,2026-08-01
1077,61.8,2026-08-01
1078,147.31,2026-08-01
1079,212.67999999999998,2026-08-01
1080,0.0,2026-08-01
1081,44.05,2026-08-01
1082,408.69,2026-08-01
1083,96.79,2026-08-01
1084,90.22999999999999,2026-08-01
1085,736.38,2026-08-01
1086,261.74,2026-08-01
1087,9.6,2026-08-01
1088,411.05,2026-08-01
1089,69.89,2026-08-01
1090,144.6,2026-08-01
1091,95.03,2026-08-01
1092,185.2,2026-08-01
1093,49.72,2026-08-01
1094,30.910000000000004,2026-08-01
1095,65.2,2026-08-01
1096,27.810000000000002,2026-08-01
1097,35.6,2026-08-01
1098,457.01,2026-08-01
1099,4.72,2026-08-01
1100,0.0,2026-08-01
1101,170.56,2026-08-01
1102,91.82000000000001,2026-08-01
1103,69.88,2026-08-01
1104,124.07999999999998,2026-08-01
1105,37.43,2026-08-01
1106,173.06,2026-08-01
1107,122.99,2026-08-01
1108,47.9,2026-08-01
1109,15.68,2026-08-01
1110,0.0,2026-08-01
1111,0.0,2026-08-01
1112,199.58999999999997,2026-08-01
1113,0.0,2026-08-01
1114,155.53,2026-08-01
1115,107.39999999999999,2026-08-01
1116,85.71,2026-08-01
1117,5.81,2026-08-01
1118,21.13,2026-08-01
1119,9.28,2026-08-01
1120,83.45,2026-08-01
1121,0.0,2026-08-01
1122,11.95,2026-08-01
1123,0.0,2026-08-01
1124,153.7,2026-08-01
1125,244.41,2026-08-01
1126,77.42,2026-08-01
1127,41.84,2026-08-01
1128,96.37,2026-08-01
1129,44.34,2026-08-01
1130,182.76,2026-08-01
1131,14.42,2026-08-01
1132,177.07,2026-08-01
1133,251.14,2026-08-01
1134,172.93,2026-08-01
1135,16.47,2026-08-01
1136,0.0,2026-08-01
1137,54.11,2026-08-01
1138,37.14,2026-08-01
1139,84.2,2026-08-01
1140,111.39999999999999,2026-08-01
1141,124.14,2026-08-01
1142,128.9,2026-08-01
1143,375.64,2026-08-01
1144,122.59,2026-08-01
1145,134.59,2026-08-01
1146,0.0,2026-08-01
1147,56.42,2026-08-01
1148,112.75,2026-08-01
1149,170.12,2026-08-01
1150,0.0,2026-08-01
1151,126.44,2026-08-01
1152,56.43,2026-08-01
1153,60.58,2026-08-01
1154,292.97,2026-08-01
1155,40.26,2026-08-01
1156,206.04,2026-08-01
1157,44.95,2026-08-01
1158,110.50999999999999,2026-08-01
1159,592.65,2026-08-01
1160,0.0,2026-08-01
1161,113.0,2026-08-01
1162,88.94,2026-08-01
1163,191.54,2026-08-01
1164,0.0,2026-08-01
1165,148.11,2026-08-01
1166,39.43,2026-08-01
1167,144.13,2026-08-01
1168,25.55,2026-08-01
1169,175.3,2026-08-01
1170,206.23000000000002,2026-08-01
1171,97.49000000000001,2026-08-01
1172,251.6,2026-08-01
1173,120.22999999999999,2026-08-01
1174,42.7,2026-08-01
1175,32.85,2026-08-01
1176,138.64999999999998,2026-08-01
1177,128.55,2026-08-01
1178,0.0,2026-08-01
1179,44.45,2026-08-01
1180,0.0,2026-08-01
1181,50.76,2026-08-01
1182,272.63,2026-08-01
1183,0.0,2026-08-01
1184,266.26,2026-08-01
1185,0.0,2026-08-01
1186,32.29,2026-08-01
1187,0.0,2026-08-01
1188,291.14,2026-08-01
1189,96.11,2026-08-01
1190,0.0,2026-08-01
1191,104.16,2026-08-01
1192,212.77999999999997,2026-08-01
1193,25.91,2026-08-01
1194,56.28,2026-08-01
1195,0.0,2026-08-01
1196,607.8199999999999,2026-08-01
1197,309.3,2026-08-01
1198,63.64,2026-08-01
1199,93.38,2026-08-01
1200,58.2,2026-08-01
1201,48.94,2026-08-01
1202,43.870000000000005,2026-08-01
1203,164.86,2026-08-01
1204,24.85,2026-08-01
1205,228.76999999999998,2026-08-01
1206,0.0,2026-08-01
1207,11.1,2026-08-01
1208,42.58,2026-08-01
1209,106.31,2026-08-01
1210,198.1,2026-08-01
1211,109.63,2026-08-01
1212,0.0,2026-08-01
1213,106.3,2026-08-01
1214,103.21,2026-08-01
1215,0.0,2026-08-01
1216,0.0,2026-08-01
1217,226.76,2026-08-01
1218,0.0,2026-08-01
1219,325.45,2026-08-01
1220,149.16000000000003,2026-08-01
1221,33.77,2026-08-01
1222,155.34,2026-08-01
1223,251.57,2026-08-01
1224,143.51,2026-08-01
1225,12.52,2026-08-01
1226,75.39,2026-08-01
1227,60.61,2026-08-01
1228,154.0,2026-08-01
1229,143.3,2026-08-01
1230,14.649999999999999,2026-08-01
1231,86.49000000000001,2026-08-01
1232,0.0,2026-08-01
1233,135.12,2026-08-01
1234,30.35,2026-08-01
1235,0.0,2026-08-01
1236,23.97,2026-08-01
1237,56.08,2026-08-01
1238,66.84,2026-08-01
1239,0.0,2026-08-01
1240,285.9,2026-08-01
1241,63.18,2026-08-01
1242,140.11,2026-08-01
1243,315.1,2026-08-01
1244,32.660000000000004,2026-08-01
1245,0.0,2026-08-01
1246,88.57,2026-08-01
1247,91.67,2026-08-01
1248,217.03,2026-08-01
1249,80.08,2026-08-01
1250,120.05999999999999,2026-08-01
1251,8.88,2026-08-01
1252,75.77,2026-08-01
1253,214.0,2026-08-01
1254,709.79,2026-08-01
1255,333.65999999999997,2026-08-01
1256,49.94,2026-08-01
1257,603.98,2026-08-01
1258,115.22,2026-08-01
1259,112.78999999999999,2026-08-01
1260,119.46,2026-08-01
1261,191.6,2026-08-01
1262,37.7,2026-08-01
1263,200.82999999999998,2026-08-01
1264,68.64,2026-08-01
1265,22.41,2026-08-01
1266,0.0,2026-08-01
1267,280.32,2026-08-01
1268,0.0,2026-08-01
1269,67.85,2026-08-01
1270,218.52,2026-08-01
1271,145.01,2026-08-01
1272,0.0,2026-08-01
1273,120.91,2026-08-01
1274,181.76,2026-08-01
1275,251.63,2026-08-01
1276,79.53999999999999,2026-08-01
1277,118.8,2026-08-01
1278,0.0,2026-08-01
1279,0.0,2026-08-01
1280,438.21,2026-08-01
1281,113.5,2026-08-01
1282,160.69,2026-08-01
1283,8.28,2026-08-01
1284,157.55,2026-08-01
1285,194.87,2026-08-01
1286,182.54,2026-08-01
1287,0.0,2026-08-01
1288,375.38,2026-08-01
1289,115.5,2026-08-01
1290,132.75,2026-08-01
1291,26.5,2026-08-01
1292,115.27000000000001,2026-08-01
1293,225.7,2026-08-01
1294,0.0,2026-08-01
1295,0.0,2026-08-01
1296,135.03,2026-08-01
1297,27.259999999999998,2026-08-01
1298,0.0,2026-08-01
1299,155.33,2026-08-01
1300,88.01,2026-08-01
1301,74.12,2026-08-01
1302,226.68,2026-08-01
1303,17.8,2026-08-01
1304,193.0,2026-08-01
1305,0.0,2026-08-01
1306,20.98,2026-08-01
1307,0.0,2026-08-01
1308,92.75,2026-08-01
1309,153.28,2026-08-01
1310,235.49,2026-08-01
1311,347.39,2026-08-01
1312,63.66,2026-08-01
1313,18.09,2026-08-01
1314,145.04000000000002,2026-08-01
1315,34.36,2026-08-01
1316,48.49,2026-08-01
1317,0.0,2026-08-01
1318,9.84,2026-08-01
1319,265.71,2026-08-01
1320,60.8,2026-08-01
1321,0.0,2026-08-01
1322,142.95,2026-08-01
1323,0.0,2026-08-01
1324,72.98,2026-08-01
1325,31.49,2026-08-01
1326,288.57,2026-08-01
1327,0.0,2026-08-01
1328,0.0,2026-08-01
1329,37.65,2026-08-01
1330,84.85,2026-08-01
1331,315.2,2026-08-01
1332,32.82,2026-08-01
1333,286.46999999999997,2026-08-01
1334,79.35,2026-08-01
1335,10.27,2026-08-01
1336,142.16000000000003,2026-08-01
1337,48.88,2026-08-01
1338,67.94,2026-08-01
1339,148.07,2026-08-01
1340,148.26,2026-08-01
1341,183.56,2026-08-01
1342,100.39,2026-08-01
1343,0.0,2026-08-01
1344,83.53,2026-08-01
1345,556.46,2026-08-01
1346,82.75,2026-08-01
1347,21.14,2026-08-01
1348,20.17,2026-08-01
1349,363.35,2026-08-01
1350,7.81,2026-08-01
1351,16.83,2026-08-01
1352,0.0,2026-08-01
1353,0.0,2026-08-01
1354,0.0,2026-08-01
1355,103.79,2026-08-01
1356,294.3,2026-08-01
1357,44.73,2026-08-01
1358,189.13,2026-08-01
1359,28.82,2026-08-01
1360,24.29,2026-08-01
1361,8.65,2026-08-01
1362,64.39,2026-08-01
1363,307.81,2026-08-01
1364,90.15,2026-08-01
1365,118.13,2026-08-01
1366,13.42,2026-08-01
1367,151.39000000000001,2026-08-01
1368,154.9,2026-08-01
1369,238.62,2026-08-01
1370,137.15,2026-08-01
1371,38.58,2026-08-01
1372,174.26,2026-08-01
1373,126.60000000000001,2026-08-01
1374,114.53,2026-08-01
1375,0.0,2026-08-01
1376,94.77000000000001,2026-08-01
1377,176.75,2026-08-01
1378,0.0,2026-08-01
1379,137.0,2026-08-01
1380,251.74,2026-08-01
1381,363.06999999999994,2026-08-01
1382,0.0,2026-08-01
1383,150.4,2026-08-01
1384,101.39,2026-08-01
1385,194.98,2026-08-01
1386,45.050000000000004,2026-08-01
1387,237.09000000000003,2026-08-01
1388,47.45,2026-08-01
1389,334.97,2026-08-01
1390,222.43,2026-08-01
1391,17.9,2026-08-01
1392,176.58999999999997,2026-08-01
1393,29.22,2026-08-01
1394,159.43,2026-08-01
1395,59.419999999999995,2026-08-01
1396,0.0,2026-08-01
1397,25.19,2026-08-01
1398,0.0,2026-08-01
1399,6.16,2026-08-01
1400,59.04,2026-08-01
1401,77.11,2026-08-01
1402,329.55,2026-08-01
1403,248.41000000000003,2026-08-01
1404,36.89,2026-08-01
1405,117.7,2026-08-01
1406,22.22,2026-08-01
1407,79.89,2026-08-01
1408,180.8,2026-08-01
1409,0.0,2026-08-01
1410,178.30999999999997,2026-08-01
1411,94.88,2026-08-01
1412,116.35,2026-08-01
1413,130.71,2026-08-01
1414,135.82,2026-08-01
1415,7.85,2026-08-01
1416,374.15,2026-08-01
1417,90.31,2026-08-01
1418,343.15,2026-08-01
1419,87.28,2026-08-01
1420,8.84,2026-08-01
1421,35.25,2026-08-01
1422,0.0,2026-08-01
1423,13.16,2026-08-01
1424,175.7,2026-08-01
1425,31.45,2026-08-01
1426,56.97,2026-08-01
1427,315.73,2026-08-01
1428,13.26,2026-08-01
1429,319.85999999999996,2026-08-01
1430,108.72,2026-08-01
1431,153.15,2026-08-01
1432,103.26,2026-08-01
1433,186.89,2026-08-01
1434,59.980000000000004,2026-08-01
1435,81.32000000000001,2026-08-01
1436,56.989999999999995,2026-08-01
1437,44.07,2026-08-01
1438,15.06,2026-08-01
1439,22.270000000000003,2026-08-01
1440,52.93,2026-08-01
1441,36.65,2026-08-01
1442,23.82,2026-08-01
1443,628.11,2026-08-01
1444,0.0,2026-08-01
1445,0.0,2026-08-01
1446,19.2,2026-08-01
1447,134.09,2026-08-01
1448,115.3,2026-08-01
1449,114.71,2026-08-01
1450,29.9,2026-08-01
1451,72.51,2026-08-01
1452,0.0,2026-08-01
1453,0.0,2026-08-01
1454,256.64,2026-08-01
1455,170.54,2026-08-01
1456,349.56,2026-08-01
1457,211.2,2026-08-01
1458,6.54,2026-08-01
1459,37.9,2026-08-01
1460,179.89000000000001,2026-08-01
1461,127.46000000000001,2026-08-01
1462,228.2,2026-08-01
1463,42.4,2026-08-01
1464,100.65,2026-08-01
1465,0.0,2026-08-01
1466,160.96,2026-08-01
1467,17.35,2026-08-01
1468,234.26,2026-08-01
1469,0.0,2026-08-01
1470,76.87,2026-08-01
1471,542.21,2026-08-01
1472,0.0,2026-08-01
1473,456.5,2026-08-01
1474,22.61,2026-08-01
1475,94.5,2026-08-01
1476,228.83,2026-08-01
1477,32.23,2026-08-01
1478,35.6,2026-08-01
1479,109.2,2026-08-01
1480,325.52,2026-08-01
1481,54.84,2026-08-01
1482,0.0,2026-08-01
1483,133.36,2026-08-01
1484,0.0,2026-08-01
1485,150.42000000000002,2026-08-01
1486,75.07,2026-08-01
1487,0.0,2026-08-01
1488,32.02,2026-08-01
1489,0.0,2026-08-01
1490,177.65,2026-08-01
1491,106.11,2026-08-01
1492,51.66,2026-08-01
1493,0.0,2026-08-01
1494,29.27,2026-08-01
1495,80.64,2026-08-01
1496,290.97,2026-08-01
1497,136.49,2026-08-01
1498,227.78,2026-08-01
1499,159.82999999999998,2026-08-01
1500,0.0,2026-08-01
