customer_id,recency_days,as_of_date
1,999.0,2026-08-01
2,2.8403839477181947,2026-08-01
3,170.6296451320121,2026-08-01
4,119.56718666576448,2026-08-01
5,1.6091692015286923,2026-08-01
6,26.7595728808505,2026-08-01
7,26.923239131830197,2026-08-01
8,16.409541028823888,2026-08-01
9,59.66846231707299,2026-08-01
10,1.1271169544502895,2026-08-01
11,9.60958082338419,2026-08-01
12,4.6872015316798965,2026-08-01
13,101.58318265898178,2026-08-01
14,50.75688123013199,2026-08-01
15,75.2358149775387,2026-08-01
16,93.15366154921131,2026-08-01
17,26.57928411468559,2026-08-01
18,64.1352126723104,2026-08-01
19,9.468943795437998,2026-08-01
20,6.937645654582291,2026-08-01
21,52.5171725059962,2026-08-01
22,16.962105054839096,2026-08-01
23,113.85428197102432,2026-08-01
24,61.5972120626968,2026-08-01
25,47.393991941285,2026-08-01
26,14.290545497401494,2026-08-01
27,58.9011547891411,2026-08-01
28,17.64395585226289,2026-08-01
29,15.338984812975891,2026-08-01
30,39.32718510919649,2026-08-01
31,4.364839184463495,2026-08-01
32,31.363677677110395,2026-08-01
33,15.6636086169711,2026-08-01
34,25.95813649197649,2026-08-01
35,38.987905419493195,2026-08-01
36,12.781314627674396,2026-08-01
37,97.8574894591563,2026-08-01
38,11.020613330873298,2026-08-01
39,42.9547187367783,2026-08-01
40,3.2705852340218984,2026-08-01
41,54.668546149560804,2026-08-01
42,16.759604183247095,2026-08-01
43,30.233903558860998,2026-08-01
44,28.55283076841169,2026-08-01
45,27.367856399771494,2026-08-01
46,76.8428101166102,2026-08-01
47,45.90347258544429,2026-08-01
48,54.548185652691494,2026-08-01
49,54.10167156676079,2026-08-01
50,3.9201112021186924,2026-08-01
51,16.348456281633794,2026-08-01
52,3.1144037448753936,2026-08-01
53,10.520944750980393,2026-08-01
54,24.623189078977394,2026-08-01
55,5.999081620823599,2026-08-01
56,36.4422463926186,2026-08-01
57,8.540432207043391,2026-08-01
58,999.0,2026-08-01
59,12.4424430569275,2026-08-01
60,19.0924043576036,2026-08-01
61,17.910875433945396,2026-08-01
62,97.4789670035815,2026-08-01
63,69.7068766129848,2026-08-01
64,52.66985278156919,2026-08-01
65,42.19197462779369,2026-08-01
66,61.24323879497699,2026-08-01
67,1.6623965474373956,2026-08-01
68,36.7652631519196,2026-08-01
69,13.041499721808993,2026-08-01
70,53.302836363358495,2026-08-01
71,15.02146925536529,2026-08-01
72,0.3220417298160995,2026-08-01
73,16.400007322740496,2026-08-01
74,68.60756639807398,2026-08-01
75,11.243664574454098,2026-08-01
76,24.204443687743392,2026-08-01
77,25.60651046572759,2026-08-01
78,18.67548143746419,2026-08-01
79,75.1078398725427,2026-08-01
80,26.50192192809369,2026-08-01
81,0.9445194701993982,2026-08-01
82,42.39058953306199,2026-08-01
83,63.8058486314027,2026-08-01
84,17.809035195267292,2026-08-01
85,6.326216866178693,2026-08-01
86,50.2897558738283,2026-08-01
87,50.348174179026294,2026-08-01
88,6.466124057246099,2026-08-01
89,45.8085970563007,2026-08-01
90,75.36407954936199,2026-08-01
91,36.513849096018085,2026-08-01
92,100.0757527046506,2026-08-01
93,1.6400856374602895,2026-08-01
94,51.0287110473113,2026-08-01
95,235.83565940485457,2026-08-01
96,18.647171173530992,2026-08-01
97,26.425559928481494,2026-08-01
98,75.88730188845669,2026-08-01
99,22.152073535452892,2026-08-01
100,999.0,2026-08-01
101,50.4190147879244,2026-08-01
102,4.935545427670996,2026-08-01
103,109.81193309360941,2026-08-01
104,999.0,2026-08-01
105,69.17909535881869,2026-08-01
106,50.3803691001427,2026-08-01
107,86.85017762771419,2026-08-01
108,3.541814938032199,2026-08-01
109,64.24406316883659,2026-08-01
110,68.03478217365559,2026-08-01
111,45.7316680727888,2026-08-01
112,33.216187128467695,2026-08-01
113,117.50757361241529,2026-08-01
114,3.3515473686306945,2026-08-01
115,99.7132266957123,2026-08-01
116,9.668188910576898,2026-08-01
117,999.0,2026-08-01
118,12.272183766538392,2026-08-01
119,2.067129273069294,2026-08-01
120,18.7594678297425,2026-08-01
121,8.080576965066296,2026-08-01
122,24.242374740091496,2026-08-01
123,12.371731334180394,2026-08-01
124,55.98710200226069,2026-08-01
125,24.460904246480997,2026-08-01
126,51.31267660622539,2026-08-01
127,19.691725275886597,2026-08-01
128,7.748348385606295,2026-08-01
129,0.14156991086149306,2026-08-01
130,1.3479115458353934,2026-08-01
131,3.6136811682609955,2026-08-01
132,60.49693012249589,2026-08-01
133,999.0,2026-08-01
134,14.399015780246192,2026-08-01
135,37.548258330747096,2026-08-01
136,49.3567083174288,2026-08-01
137,14.666206023124294,2026-08-01
138,999.0,2026-08-01
139,58.2453325520401,2026-08-01
140,23.013956603894698,2026-08-01
141,80.9217994683699,2026-08-01
142,17.033564958617788,2026-08-01
143,15.755183347479294,2026-08-01
144,20.935211546141296,2026-08-01
145,75.2495598315752,2026-08-01
146,0.9141814876923958,2026-08-01
147,16.962112286637893,2026-08-01
148,59.4942430456827,2026-08-01
149,21.73916221883919,2026-08-01
150,12.90122327614559,2026-08-01
151,0.08029221941059027,2026-08-01
152,10.19519461128529,2026-08-01
153,26.643178771622694,2026-08-01
154,42.11764939498519,2026-08-01
155,1.0912851814290974,2026-08-01
156,59.12914309042979,2026-08-01
157,12.688826354706794,2026-08-01
158,91.5326882969989,2026-08-01
159,99.8719542020707,2026-08-01
160,11.9258795668358,2026-08-01
161,47.384987511503496,2026-08-01
162,66.43776203005,2026-08-01
163,48.52945980230209,2026-08-01
164,18.295888001020995,2026-08-01
165,40.18401825711669,2026-08-01
166,16.95936695320059,2026-08-01
167,31.320528600736495,2026-08-01
168,10.141050440870695,2026-08-01
169,21.2241017663119,2026-08-01
170,15.276359231763994,2026-08-01
171,52.4745947210333,2026-08-01
172,21.8076024892836,2026-08-01
173,0.3380346835160995,2026-08-01
174,12.817377475585891,2026-08-01
175,33.60431422694659,2026-08-01
176,36.102762199620194,2026-08-01
177,88.2988781757046,2026-08-01
178,11.736793642084399,2026-08-01
179,67.09073828769638,2026-08-01
180,32.3089274570785,2026-08-01
181,174.7145793928837,2026-08-01
182,1.702839218912095,2026-08-01
183,44.74615719526899,2026-08-01
184,0.1680221470200926,2026-08-01
185,10.460077000909097,2026-08-01
186,8.2795094925575,2026-08-01
187,10.02196041611389,2026-08-01
188,82.64030135248709,2026-08-01
189,28.72441042333229,2026-08-01
190,69.66110052667459,2026-08-01
191,65.69915738075301,2026-08-01
192,0.8171782046118983,2026-08-01
193,103.487172694188,2026-08-01
194,31.551135887709297,2026-08-01
195,8.839267164595093,2026-08-01
196,27.118367598086387,2026-08-01
197,4.067653787021898,2026-08-01
198,14.93876067017589,2026-08-01
199,56.1259818462676,2026-08-01
200,76.8495942143789,2026-08-01
201,66.503726488485,2026-08-01
202,85.92326506930489,2026-08-01
203,187.0590366057976,2026-08-01
204,18.14589295663529,2026-08-01
205,37.3622005786047,2026-08-01
206,21.558244725571598,2026-08-01
207,106.80807475520768,2026-08-01
208,49.377805516206685,2026-08-01
209,40.27637159714529,2026-08-01
210,51.5730303735308,2026-08-01
211,4.695054350847199,2026-08-01
212,10.495415824468994,2026-08-01
213,0.1631803300187963,2026-08-01
214,10.594715561311792,2026-08-01
215,33.023490480141795,2026-08-01
216,6.937743219471099,2026-08-01
217,16.45310646654559,2026-08-01
218,60.539518033520885,2026-08-01
219,32.813065677052194,2026-08-01
220,68.32015355909219,2026-08-01
221,6.728583632378195,2026-08-01
222,71.5073458332143,2026-08-01
223,15.286354830984491,2026-08-01
224,10.845052299181296,2026-08-01
225,18.158679522997097,2026-08-01
226,12.890322418753888,2026-08-01
227,46.77208975284059,2026-08-01
228,4.328049605035996,2026-08-01
229,32.87551697272009,2026-08-01
230,22.88952135354199,2026-08-01
231,35.0816032017555,2026-08-01
232,73.9551698836097,2026-08-01
233,999.0,2026-08-01
234,64.0414962070527,2026-08-01
235,68.521509009523,2026-08-01
236,0.3231668788588889,2026-08-01
237,11.60440714705889,2026-08-01
238,19.084478437777996,2026-08-01
239,27.88283682589729,2026-08-01
240,25.95888656109279,2026-08-01
241,23.495023606055288,2026-08-01
242,134.65963584424648,2026-08-01
243,999.0,2026-08-01
244,7.880173961376897,2026-08-01
245,13.500386753726596,2026-08-01
246,999.0,2026-08-01
247,104.3860167822145,2026-08-01
248,6.654789625198391,2026-08-01
249,24.673334853017398,2026-08-01
250,999.0,2026-08-01
251,65.73862369952948,2026-08-01
252,86.8249668642066,2026-08-01
253,999.0,2026-08-01
254,92.89461337503529,2026-08-01
255,4.40232508558419,2026-08-01
256,40.7582955375902,2026-08-01
257,36.804830249654096,2026-08-01
258,999.0,2026-08-01
259,53.94819867078529,2026-08-01
260,7.811831586626099,2026-08-01
261,5.3329260177324995,2026-08-01
262,32.0347744945066,2026-08-01
263,1.8397792623719909,2026-08-01
264,40.135969581431596,2026-08-01
265,51.3982392510966,2026-08-01
266,77.08596539568168,2026-08-01
267,22.537788301257198,2026-08-01
268,16.060181091532293,2026-08-01
269,52.1145576450516,2026-08-01
270,76.35817062787599,2026-08-01
271,54.641606691208594,2026-08-01
272,999.0,2026-08-01
273,33.527084503917294,2026-08-01
274,6.387379102778298,2026-08-01
275,9.591932641240996,2026-08-01
276,21.855952947837594,2026-08-01
277,63.41751623491199,2026-08-01
278,12.354092781314792,2026-08-01
279,999.0,2026-08-01
280,4.132582138917592,2026-08-01
281,12.442255234297395,2026-08-01
282,60.01952963630579,2026-08-01
283,38.2810850131988,2026-08-01
284,15.276378088300799,2026-08-01
285,32.17421513900759,2026-08-01
286,7.6167664648913895,2026-08-01
287,9.856554774752395,2026-08-01
288,22.941179893698,2026-08-01
289,43.91486944747879,2026-08-01
290,12.292475352334398,2026-08-01
291,33.1319797655407,2026-08-01
292,32.355061603774395,2026-08-01
293,28.098746407401993,2026-08-01
294,57.93217194436969,2026-08-01
295,5.77668027734,2026-08-01
296,20.802675980186297,2026-08-01
297,29.42539184701699,2026-08-01
298,35.466661323107594,2026-08-01
299,7.897341754491794,2026-08-01
300,9.53721889975059,2026-08-01
301,103.17905844758569,2026-08-01
302,88.2405678687524,2026-08-01
303,9.204610565725694,2026-08-01
304,24.1674802586361,2026-08-01
305,219.68961993864733,2026-08-01
306,36.18398578829389,2026-08-01
307,63.695306981597895,2026-08-01
308,10.416564299321493,2026-08-01
309,11.688577180659399,2026-08-01
310,0.006608783848993056,2026-08-01
311,20.445842919006793,2026-08-01
312,41.862089858951194,2026-08-01
313,999.0,2026-08-01
314,44.025232785118,2026-08-01
315,40.212344529312496,2026-08-01
316,34.054564763109596,2026-08-01
317,43.33345967138539,2026-08-01
318,27.863934279253794,2026-08-01
319,48.2966549366066,2026-08-01
320,23.7896867267836,2026-08-01
321,14.674853278277292,2026-08-01
322,0.21857548252399303,2026-08-01
323,6.65314184382419,2026-08-01
324,7.066585907922592,2026-08-01
325,8.399084885006388,2026-08-01
326,67.5427871817013,2026-08-01
327,18.162765264060997,2026-08-01
328,38.918504749935394,2026-08-01
329,58.3325445225982,2026-08-01
330,43.57956939497839,2026-08-01
331,19.55806954328669,2026-08-01
332,27.57033022942089,2026-08-01
333,8.719719744842198,2026-08-01
334,1.1582782689290974,2026-08-01
335,1.7943069909032985,2026-08-01
336,52.0658725435741,2026-08-01
337,7.7161645568847925,2026-08-01
338,8.994170511216598,2026-08-01
339,71.7419662928372,2026-08-01
340,23.2655282011347,2026-08-01
341,53.72736096103679,2026-08-01
342,10.321546555090498,2026-08-01
343,67.7543157783508,2026-08-01
344,8.726423137193196,2026-08-01
345,33.7563645682344,2026-08-01
346,20.45690172159419,2026-08-01
347,7.230063500412998,2026-08-01
348,5.237938063999491,2026-08-01
349,13.984450551732893,2026-08-01
350,59.0028700826358,2026-08-01
351,12.9561498622597,2026-08-01
352,5.6906416602544905,2026-08-01
353,27.256934729450894,2026-08-01
354,85.8010370144376,2026-08-01
355,11.388261345592893,2026-08-01
356,3.216294109266597,2026-08-01
357,8.964859502975393,2026-08-01
358,114.1571707646845,2026-08-01
359,52.59230363127119,2026-08-01
360,43.19889492895389,2026-08-01
361,34.9717976587097,2026-08-01
362,1.0715498908284955,2026-08-01
363,6.860986735093994,2026-08-01
364,59.763854334483,2026-08-01
365,66.1464099924805,2026-08-01
366,14.181933803790196,2026-08-01
367,86.4445595812394,2026-08-01
368,1.0706083018698958,2026-08-01
369,999.0,2026-08-01
370,24.511741692150196,2026-08-01
371,24.3177051435591,2026-08-01
372,4.5944023050484954,2026-08-01
373,15.27785312880559,2026-08-01
374,21.86356059228229,2026-08-01
375,75.7691859571771,2026-08-01
376,10.55676084816,2026-08-01
377,19.019562000073496,2026-08-01
378,14.609259211868496,2026-08-01
379,46.6669672915725,2026-08-01
380,15.653157061791795,2026-08-01
381,999.0,2026-08-01
382,49.4088316660558,2026-08-01
383,13.790592989004098,2026-08-01
384,4.699128135216898,2026-08-01
385,19.001088256125495,2026-08-01
386,30.254804670152996,2026-08-01
387,999.0,2026-08-01
388,20.862036662041294,2026-08-01
389,32.63436038501649,2026-08-01
390,4.969478598423194,2026-08-01
391,9.1429987155636,2026-08-01
392,15.721406238319595,2026-08-01
393,2.3205287235359955,2026-08-01
394,56.52243195697668,2026-08-01
395,6.5709456447443975,2026-08-01
396,18.045155176142096,2026-08-01
397,5.171235955542789,2026-08-01
398,15.199390000807696,2026-08-01
399,30.6970793099655,2026-08-01
400,122.77277462188249,2026-08-01
401,26.179924893722394,2026-08-01
402,76.308136787544,2026-08-01
403,6.213431855130995,2026-08-01
404,133.9667245723826,2026-08-01
405,28.7431743453008,2026-08-01
406,96.0996795655532,2026-08-01
407,59.830472945338194,2026-08-01
408,85.86821104546489,2026-08-01
409,41.59807615731229,2026-08-01
410,999.0,2026-08-01
411,43.75040456388949,2026-08-01
412,15.81186612079529,2026-08-01
413,21.99386507898529,2026-08-01
414,1.4988812282831945,2026-08-01
415,20.27213610219229,2026-08-01
416,2.03762204391419,2026-08-01
417,1.8724881994980902,2026-08-01
418,999.0,2026-08-01
419,32.2393116657127,2026-08-01
420,74.74523893661019,2026-08-01
421,21.37508222582699,2026-08-01
422,16.219013136968393,2026-08-01
423,10.634207585330694,2026-08-01
424,84.28440970895619,2026-08-01
425,52.05387552911089,2026-08-01
426,14.04110128902169,2026-08-01
427,35.34937352097,2026-08-01
428,5.434736477258496,2026-08-01
429,999.0,2026-08-01
430,13.83714593613919,2026-08-01
431,999.0,2026-08-01
432,30.7118110584724,2026-08-01
433,32.48724423298009,2026-08-01
434,1.5188681037,2026-08-01
435,6.034675394731794,2026-08-01
436,999.0,2026-08-01
437,63.26913580535808,2026-08-01
438,78.9929712275649,2026-08-01
439,999.0,2026-08-01
440,6.2437112482779975,2026-08-01
441,5.318322647450995,2026-08-01
442,2.117853830800498,2026-08-01
443,30.02614472775339,2026-08-01
444,49.5301782933227,2026-08-01
445,49.125336503145995,2026-08-01
446,104.8935655405057,2026-08-01
447,67.4947846368424,2026-08-01
448,15.899540608779898,2026-08-01
449,41.440560754355594,2026-08-01
450,28.023416237780797,2026-08-01
451,4.244949230257894,2026-08-01
452,63.86097552261169,2026-08-01
453,1.919625782512396,2026-08-01
454,999.0,2026-08-01
455,21.65694692991699,2026-08-01
456,1.8660392926984954,2026-08-01
457,11.83783273382029,2026-08-01
458,45.33863565954389,2026-08-01
459,38.98782447437039,2026-08-01
460,25.952582216089898,2026-08-01
461,8.300856286061597,2026-08-01
462,69.12201925077619,2026-08-01
463,11.396288787293091,2026-08-01
464,122.68202852476578,2026-08-01
465,15.973533849386298,2026-08-01
466,47.27327463392779,2026-08-01
467,46.9136119935613,2026-08-01
468,29.075798349520287,2026-08-01
469,5.025710198238495,2026-08-01
470,6.162386801476493,2026-08-01
471,14.156785854323392,2026-08-01
472,17.045036633411296,2026-08-01
473,9.22379168797809,2026-08-01
474,21.92269317233509,2026-08-01
475,53.54816182092729,2026-08-01
476,39.9556444920652,2026-08-01
477,13.899085883219188,2026-08-01
478,26.1547394398986,2026-08-01
479,18.0761462759236,2026-08-01
480,82.97967612874729,2026-08-01
481,63.4965807178122,2026-08-01
482,64.0099670323868,2026-08-01
483,33.69443879296129,2026-08-01
484,58.324021100888494,2026-08-01
485,9.928031827309294,2026-08-01
486,32.81857456782339,2026-08-01
487,10.808445917529097,2026-08-01
488,50.50391733308559,2026-08-01
489,83.86722372069639,2026-08-01
490,9.833267826486493,2026-08-01
491,1.413703885511493,2026-08-01
492,16.856725149931794,2026-08-01
493,140.98146031909,2026-08-01
494,14.875186466181598,2026-08-01
495,105.9301062959023,2026-08-01
496,28.264937683473597,2026-08-01
497,20.072623019036598,2026-08-01
498,18.257395842738,2026-08-01
499,6.595949546800092,2026-08-01
500,11.217394809203089,2026-08-01
501,55.231795699710695,2026-08-01
502,35.60066369233319,2026-08-01
503,49.0956811838785,2026-08-01
504,2.1273312807363887,2026-08-01
505,14.120282397999896,2026-08-01
506,7.188479323398599,2026-08-01
507,184.9975293061795,2026-08-01
508,14.597882741523497,2026-08-01
509,1.146514963736493,2026-08-01
510,17.0467220800561,2026-08-01
511,119.8952048908126,2026-08-01
512,37.67770984260779,2026-08-01
513,53.824017909857794,2026-08-01
514,4.4905170822786,2026-08-01
515,71.8485535607812,2026-08-01
516,4.7633582058579975,2026-08-01
517,24.028648710139898,2026-08-01
518,68.550440633656,2026-08-01
519,122.96534946656527,2026-08-01
520,6.855207386557501,2026-08-01
521,6.978944360886389,2026-08-01
522,27.161729406270993,2026-08-01
523,23.69372205683949,2026-08-01
524,53.466930947646595,2026-08-01
525,91.44029397423479,2026-08-01
526,1.301377847577095,2026-08-01
527,0.5205322570931944,2026-08-01
528,27.633080526778,2026-08-01
529,62.626700537735005,2026-08-01
530,33.618838241585195,2026-08-01
531,89.9853782845654,2026-08-01
532,66.1140191904366,2026-08-01
533,45.92654691424259,2026-08-01
534,103.3002686045456,2026-08-01
535,25.830661721037792,2026-08-01
536,112.91932567206621,2026-08-01
537,56.37689723596729,2026-08-01
538,88.97633830009399,2026-08-01
539,59.60061658362349,2026-08-01
540,999.0,2026-08-01
541,73.5725392800702,2026-08-01
542,51.5964782233936,2026-08-01
543,29.132838057050996,2026-08-01
544,5.025621413845,2026-08-01
545,14.370653401625395,2026-08-01
546,999.0,2026-08-01
547,10.233176743822593,2026-08-01
548,13.780909532898194,2026-08-01
549,95.726627261368,2026-08-01
550,1.877166103991389,2026-08-01
551,45.72799453568209,2026-08-01
552,91.4740209670349,2026-08-01
553,22.274857813666898,2026-08-01
554,10.20811628597919,2026-08-01
555,35.80448569695759,2026-08-01
556,18.179941518644192,2026-08-01
557,30.250761727951797,2026-08-01
558,28.316219815420588,2026-08-01
559,54.560747101270096,2026-08-01
560,29.872919863088796,2026-08-01
561,16.936314764741194,2026-08-01
562,34.0452844813911,2026-08-01
563,16.398586727812294,2026-08-01
564,28.938561673052998,2026-08-01
565,0.45361531768418983,2026-08-01
566,12.081704118145,2026-08-01
567,45.429561418178295,2026-08-01
568,70.5298416861683,2026-08-01
569,46.9316860313394,2026-08-01
570,0.4110740345348958,2026-08-01
571,7.406039972074791,2026-08-01
572,20.774682422343993,2026-08-01
573,4.381771664330891,2026-08-01
574,999.0,2026-08-01
575,999.0,2026-08-01
576,2.009980741793993,2026-08-01
577,26.815783138544795,2026-08-01
578,25.979247654567697,2026-08-01
579,5.790867249540197,2026-08-01
580,10.64110570659139,2026-08-01
581,12.312988869444096,2026-08-01
582,15.330434622659293,2026-08-01
583,29.1909198974583,2026-08-01
584,9.006051922957697,2026-08-01
585,36.9187634870986,2026-08-01
586,59.749100013302794,2026-08-01
587,19.263240923105002,2026-08-01
588,52.580258454167286,2026-08-01
589,96.2517699231194,2026-08-01
590,59.55689966867949,2026-08-01
591,6.620868414251493,2026-08-01
592,0.43930491020459495,2026-08-01
593,117.56631480805089,2026-08-01
594,51.8893505958972,2026-08-01
595,44.05711272556779,2026-08-01
596,5.977481254241494,2026-08-01
597,14.4980218613008,2026-08-01
598,60.87996840146759,2026-08-01
599,76.39495830910319,2026-08-01
600,31.304137020162695,2026-08-01
601,27.488325025710196,2026-08-01
602,43.5615528944675,2026-08-01
603,47.1491097413344,2026-08-01
604,15.657524200442696,2026-08-01
605,4.0835960466,2026-08-01
606,74.7162305939458,2026-08-01
607,2.7451932231506944,2026-08-01
608,83.19747725993778,2026-08-01
609,3.058263938281597,2026-08-01
610,21.208025606230798,2026-08-01
611,59.07827197851999,2026-08-01
612,95.4982485970655,2026-08-01
613,21.644309928414792,2026-08-01
614,57.3310679837777,2026-08-01
615,68.17395415785069,2026-08-01
616,87.51260985081309,2026-08-01
617,33.36434478595979,2026-08-01
618,30.771593839518797,2026-08-01
619,1.2069207201625927,2026-08-01
620,999.0,2026-08-01
621,78.47059435556949,2026-08-01
622,7.752610812148993,2026-08-01
623,37.03793071058959,2026-08-01
624,27.6123787375386,2026-08-01
625,1.5744253516977895,2026-08-01
626,72.2048448128072,2026-08-01
627,112.05936379790028,2026-08-01
628,2.3865653441629977,2026-08-01
629,2.110041103264896,2026-08-01
630,55.95945065105559,2026-08-01
631,49.2258339324086,2026-08-01
632,96.9103556845833,2026-08-01
633,8.0954131902097,2026-08-01
634,151.19132019361538,2026-08-01
635,0.9671110810169907,2026-08-01
636,41.20775699772619,2026-08-01
637,67.080667727998,2026-08-01
638,19.634292000327893,2026-08-01
639,7.955920543315591,2026-08-01
640,16.66003092242979,2026-08-01
641,101.4214177325609,2026-08-01
642,12.259979306359792,2026-08-01
643,0.6342032026434954,2026-08-01
644,165.31606741324958,2026-08-01
645,22.7868397436955,2026-08-01
646,23.742294970519097,2026-08-01
647,3.5839640145793985,2026-08-01
648,28.663715980366796,2026-08-01
649,36.27555968717709,2026-08-01
650,11.310462794752894,2026-08-01
651,26.0883981331997,2026-08-01
652,12.777310697811295,2026-08-01
653,6.0873768751956945,2026-08-01
654,7.245277083564398,2026-08-01
655,11.320172597487291,2026-08-01
656,69.0582695754288,2026-08-01
657,3.5962752970879976,2026-08-01
658,56.84076212217139,2026-08-01
659,2.327238051533495,2026-08-01
660,4.2130727740218985,2026-08-01
661,111.10373824311681,2026-08-01
662,11.6655673753347,2026-08-01
663,0.11157907061278936,2026-08-01
664,57.852663074843804,2026-08-01
665,33.646987723356894,2026-08-01
666,20.269114834188496,2026-08-01
667,36.1832442655427,2026-08-01
668,35.264522436845695,2026-08-01
669,15.100642609064792,2026-08-01
670,29.278901429155894,2026-08-01
671,9.954275823617593,2026-08-01
672,7.194082333115093,2026-08-01
673,18.1822070554519,2026-08-01
674,999.0,2026-08-01
675,2.9095559334210996,2026-08-01
676,18.725163266928,2026-08-01
677,64.0205307399347,2026-08-01
678,17.5809021228072,2026-08-01
679,110.8981297528614,2026-08-01
680,0.23087157813168982,2026-08-01
681,244.31072870028072,2026-08-01
682,16.436494195893196,2026-08-01
683,94.18047968010029,2026-08-01
684,365.2969121080602,2026-08-01
685,37.7462678930547,2026-08-01
686,9.547430091620996,2026-08-01
687,48.06623584111399,2026-08-01
688,64.36178519917529,2026-08-01
689,33.6495168042585,2026-08-01
690,23.8687353688822,2026-08-01
691,46.66686727716979,2026-08-01
692,27.517667370288194,2026-08-01
693,11.82650728074669,2026-08-01
694,1.8722337786754977,2026-08-01
695,21.759969030073695,2026-08-01
696,42.78732151547139,2026-08-01
697,90.28311048580699,2026-08-01
698,31.38987744154679,2026-08-01
699,2.3784064444409956,2026-08-01
700,18.630389108507398,2026-08-01
701,16.145230444949895,2026-08-01
702,8.492818182346598,2026-08-01
703,1.7867287700822918,2026-08-01
704,17.431974506595196,2026-08-01
705,999.0,2026-08-01
706,64.98437901832429,2026-08-01
707,999.0,2026-08-01
708,3.396560963239699,2026-08-01
709,151.8880414964043,2026-08-01
710,67.32454279605919,2026-08-01
711,7.456001397760289,2026-08-01
712,33.75115373044739,2026-08-01
713,3.996156513827292,2026-08-01
714,26.618655030848497,2026-08-01
715,76.56781959539349,2026-08-01
716,5.653046159566898,2026-08-01
717,19.527425615496192,2026-08-01
718,41.746261484925896,2026-08-01
719,31.067216540377096,2026-08-01
720,6.693190255888195,2026-08-01
721,2.994515052374294,2026-08-01
722,56.72021363365979,2026-08-01
723,41.436087437929096,2026-08-01
724,49.92171369068869,2026-08-01
725,54.10849313321138,2026-08-01
726,64.4316401752694,2026-08-01
727,10.036369958697893,2026-08-01
728,29.198263162585498,2026-08-01
729,7.123610992228391,2026-08-01
730,1.3460915360555903,2026-08-01
731,83.69660542680809,2026-08-01
732,41.8512562971699,2026-08-01
733,29.322677108540198,2026-08-01
734,29.239603383171296,2026-08-01
735,0.10357481101659723,2026-08-01
736,3.8342537033535997,2026-08-01
737,46.128576981931495,2026-08-01
738,60.98965425838039,2026-08-01
739,22.377155260133797,2026-08-01
740,18.1285354938925,2026-08-01
741,66.200794696853,2026-08-01
742,8.910178861771099,2026-08-01
743,36.720728737349695,2026-08-01
744,23.71245064340589,2026-08-01
745,60.41756799997129,2026-08-01
746,34.9550196159827,2026-08-01
747,7.138297218675,2026-08-01
748,5.183170187739895,2026-08-01
749,6.529806075162789,2026-08-01
750,7.7948325588275,2026-08-01
751,33.442444989393195,2026-08-01
752,27.190992673421388,2026-08-01
753,30.78811989046199,2026-08-01
754,14.946519014681387,2026-08-01
755,30.449169160574492,2026-08-01
756,0.8603415411243981,2026-08-01
757,23.345437825952892,2026-08-01
758,12.890472492425996,2026-08-01
759,999.0,2026-08-01
760,11.64046410899199,2026-08-01
761,18.985864300864097,2026-08-01
762,16.371934565417394,2026-08-01
763,112.0938794382994,2026-08-01
764,83.90183253466549,2026-08-01
765,9.838198176800995,2026-08-01
766,7.3942488490001965,2026-08-01
767,30.754701439551994,2026-08-01
768,92.37373816732949,2026-08-01
769,7.253451127951898,2026-08-01
770,135.9921288817964,2026-08-01
771,121.64626738586918,2026-08-01
772,10.798548385704791,2026-08-01
773,999.0,2026-08-01
774,26.238996649237997,2026-08-01
775,30.753255717599398,2026-08-01
776,131.23489775904218,2026-08-01
777,31.655420227045692,2026-08-01
778,999.0,2026-08-01
779,28.80287558944449,2026-08-01
780,10.794749500763796,2026-08-01
781,44.79314144601099,2026-08-01
782,45.6160617151322,2026-08-01
783,25.284843356411596,2026-08-01
784,45.530287577808394,2026-08-01
785,111.18058880041137,2026-08-01
786,83.9409962766469,2026-08-01
787,999.0,2026-08-01
788,11.106224830378599,2026-08-01
789,5.909104329448993,2026-08-01
790,999.0,2026-08-01
791,4.13023861519559,2026-08-01
792,62.2177637431461,2026-08-01
793,68.7408770428586,2026-08-01
794,6.50994880181949,2026-08-01
795,29.927015015805697,2026-08-01
796,14.658928234612095,2026-08-01
797,24.19580241506119,2026-08-01
798,96.15416842158169,2026-08-01
799,30.750403933646297,2026-08-01
800,25.9125761692024,2026-08-01
801,999.0,2026-08-01
802,101.89714381005389,2026-08-01
803,89.0348771582235,2026-08-01
804,0.12208305659778936,2026-08-01
805,45.67082341021699,2026-08-01
806,71.2046471193612,2026-08-01
807,63.89972831513919,2026-08-01
808,21.370405518935996,2026-08-01
809,6.871630132586192,2026-08-01
810,33.6222840990121,2026-08-01
811,49.97159899254279,2026-08-01
812,21.610809110419698,2026-08-01
813,33.4565240504286,2026-08-01
814,237.8895609107029,2026-08-01
815,51.243974337739196,2026-08-01
816,1.7233441809281946,2026-08-01
817,999.0,2026-08-01
818,15.863792948672199,2026-08-01
819,57.95181298426319,2026-08-01
820,34.86189068785169,2026-08-01
821,999.0,2026-08-01
822,156.67883672116722,2026-08-01
823,106.8395399991225,2026-08-01
824,6.1112286143728936,2026-08-01
825,50.0301714335632,2026-08-01
826,61.243976066854096,2026-08-01
827,0.1349560072883912,2026-08-01
828,1.7841614234077894,2026-08-01
829,1.6451028648754975,2026-08-01
830,999.0,2026-08-01
831,55.901280921037895,2026-08-01
832,45.83300027345479,2026-08-01
833,11.825310237750001,2026-08-01
834,30.058616877913604,2026-08-01
835,43.9428017338052,2026-08-01
836,19.314050339970798,2026-08-01
837,13.740193928426597,2026-08-01
838,2.0442634042178938,2026-08-01
839,19.33065146978529,2026-08-01
840,154.5619223623966,2026-08-01
841,17.3610157828869,2026-08-01
842,74.6700790295447,2026-08-01
843,40.49571837504699,2026-08-01
844,999.0,2026-08-01
845,3.186994097373993,2026-08-01
846,999.0,2026-08-01
847,0.3159071380172917,2026-08-01
848,53.89264641323139,2026-08-01
849,7.2912594980269905,2026-08-01
850,35.4335686519799,2026-08-01
851,43.12006827370559,2026-08-01
852,31.682072993951387,2026-08-01
853,5.301259903660799,2026-08-01
854,26.99579756573339,2026-08-01
855,17.60630272227619,2026-08-01
856,18.297128442945,2026-08-01
857,16.876299988083797,2026-08-01
858,999.0,2026-08-01
859,34.31178692526949,2026-08-01
860,7.03040858348949,2026-08-01
861,33.32686412915739,2026-08-01
862,14.32251673522809,2026-08-01
863,999.0,2026-08-01
864,156.4098485189416,2026-08-01
865,2.554409858288993,2026-08-01
866,30.50543442870589,2026-08-01
867,78.50476464683611,2026-08-01
868,3.327006287907593,2026-08-01
869,4.998225818389792,2026-08-01
870,999.0,2026-08-01
871,43.94386709393529,2026-08-01
872,3.3662154625587966,2026-08-01
873,7.846385485880798,2026-08-01
874,32.04899080814399,2026-08-01
875,27.7439854929344,2026-08-01
876,59.462472088355895,2026-08-01
877,53.1783509652391,2026-08-01
878,61.116455306567595,2026-08-01
879,80.4120418715571,2026-08-01
880,16.5665853193922,2026-08-01
881,999.0,2026-08-01
882,47.179782703936894,2026-08-01
883,74.17212405391959,2026-08-01
884,63.2916269452507,2026-08-01
885,77.8689192791738,2026-08-01
886,12.128825932576099,2026-08-01
887,43.1798455925686,2026-08-01
888,44.1368320939661,2026-08-01
889,999.0,2026-08-01
890,50.714886797600194,2026-08-01
891,0.5180716603855903,2026-08-01
892,11.940458072494792,2026-08-01
893,79.4476303542257,2026-08-01
894,48.87669369864589,2026-08-01
895,3.971338145610695,2026-08-01
896,5.225150738405694,2026-08-01
897,36.5751341976041,2026-08-01
898,49.54049911737699,2026-08-01
899,44.1025271918208,2026-08-01
900,15.664545446351793,2026-08-01
901,999.0,2026-08-01
902,999.0,2026-08-01
903,3.6665793273325,2026-08-01
904,22.588074914323496,2026-08-01
905,63.07185881677759,2026-08-01
906,71.22729231972899,2026-08-01
907,106.52644042830872,2026-08-01
908,44.357993269548196,2026-08-01
909,6.893092087804791,2026-08-01
910,23.255339763992293,2026-08-01
911,16.59572224299119,2026-08-01
912,65.74720095248229,2026-08-01
913,27.76217734142979,2026-08-01
914,38.63660198739289,2026-08-01
915,3.937474253655289,2026-08-01
916,74.080398898676,2026-08-01
917,24.2338896643911,2026-08-01
918,20.843359758545997,2026-08-01
919,190.46581811815992,2026-08-01
920,58.47965377107229,2026-08-01
921,66.47124898766388,2026-08-01
922,8.880643858585499,2026-08-01
923,64.0399155599975,2026-08-01
924,40.07538806827869,2026-08-01
925,145.6776693321025,2026-08-01
926,16.855618421672503,2026-08-01
927,15.068355500478496,2026-08-01
928,31.789201777911096,2026-08-01
929,16.249617409367698,2026-08-01
930,46.24830644418759,2026-08-01
931,3.2463124818420948,2026-08-01
932,27.55948169389889,2026-08-01
933,0.32142135632,2026-08-01
934,58.567272883501104,2026-08-01
935,8.177405293600499,2026-08-01
936,15.279449323188299,2026-08-01
937,38.311460875038996,2026-08-01
938,24.393087536998195,2026-08-01
939,61.96066737403209,2026-08-01
940,159.94281643828919,2026-08-01
941,4.0824053164675,2026-08-01
942,16.062965423222593,2026-08-01
943,3.2869309815038887,2026-08-01
944,5.09886883833059,2026-08-01
945,28.13508432424949,2026-08-01
946,17.38381896233139,2026-08-01
947,20.759777290371595,2026-08-01
948,16.562804159484596,2026-08-01
949,81.45167777059139,2026-08-01
950,51.03668628363449,2026-08-01
951,26.990529324643596,2026-08-01
952,5.412788574515093,2026-08-01
953,30.276584756919096,2026-08-01
954,11.35062805122889,2026-08-01
955,17.630597081374397,2026-08-01
956,0.020140409158692127,2026-08-01
957,97.38429875895318,2026-08-01
958,6.584782531498692,2026-08-01
959,79.1843217805074,2026-08-01
960,60.45146204670849,2026-08-01
961,40.835652647595396,2026-08-01
962,35.3568334903829,2026-08-01
963,46.53553140972839,2026-08-01
964,48.0107597490991,2026-08-01
965,23.274643296043394,2026-08-01
966,15.947968882228599,2026-08-01
967,1.4856598933809955,2026-08-01
968,0.09093383735699075,2026-08-01
969,20.567582038419097,2026-08-01
970,26.459343762557396,2026-08-01
971,26.463943484707787,2026-08-01
972,9.862003234622499,2026-08-01
973,10.728971250913993,2026-08-01
974,9.902057308986794,2026-08-01
975,999.0,2026-08-01
976,5.6905603136867935,2026-08-01
977,10.095007127530996,2026-08-01
978,24.3638866199361,2026-08-01
979,28.753741215453392,2026-08-01
980,165.7651337503939,2026-08-01
981,28.559875589068493,2026-08-01
982,37.58764320809459,2026-08-01
983,67.1107994587199,2026-08-01
984,10.725247422121388,2026-08-01
985,42.085053423906196,2026-08-01
986,29.807210002207892,2026-08-01
987,41.9950589703219,2026-08-01
988,23.649080949323196,2026-08-01
989,22.95814041739619,2026-08-01
990,75.85967926101259,2026-08-01
991,25.52840391620279,2026-08-01
992,107.93690467939648,2026-08-01
993,10.568269822698195,2026-08-01
994,25.912203129495,2026-08-01
995,68.2496018246859,2026-08-01
996,56.834203764120296,2026-08-01
997,7.921691578549999,2026-08-01
998,30.038206894872097,2026-08-01
999,18.81865070257139,2026-08-01
1000,33.47118083907509,2026-08-01
1001,47.85146179800339,2026-08-01
1002,24.948187346478598,2026-08-01
1003,29.8503577670541,2026-08-01
1004,8.27004386410389,2026-08-01
1005,121.05327531136969,2026-08-01
1006,6.673411381451493,2026-08-01
1007,47.059108132552595,2026-08-01
1008,7.073580233785591,2026-08-01
1009,1.4051466291815973,2026-08-01
1010,8.048572003715394,2026-08-01
1011,19.513092293291493,2026-08-01
1012,7.254737766925498,2026-08-01
1013,5.7150531759430905,2026-08-01
1014,43.85294082295619,2026-08-01
1015,26.282261436528298,2026-08-01
1016,26.76762389792449,2026-08-01
1017,60.38627371656389,2026-08-01
1018,155.2053655454981,2026-08-01
1019,999.0,2026-08-01
1020,91.8656154614852,2026-08-01
1021,42.045911646114796,2026-08-01
1022,999.0,2026-08-01
1023,15.092433550663994,2026-08-01
1024,65.83844272622059,2026-08-01
1025,3.3832095924969905,2026-08-01
1026,999.0,2026-08-01
1027,999.0,2026-08-01
1028,33.8526054051941,2026-08-01
1029,67.24507685600679,2026-08-01
1030,18.3009641628116,2026-08-01
1031,39.5872328045686,2026-08-01
1032,33.71912867351419,2026-08-01
1033,1.6548744092464933,2026-08-01
1034,44.840884578978994,2026-08-01
1035,14.877800449096297,2026-08-01
1036,6.605974854956493,2026-08-01
1037,100.70767431730378,2026-08-01
1038,29.758419146,2026-08-01
1039,16.38406429166839,2026-08-01
1040,70.3395660895623,2026-08-01
1041,2.519896188644595,2026-08-01
1042,54.908989549880694,2026-08-01
1043,6.747823975536389,2026-08-01
1044,203.1720653007509,2026-08-01
1045,6.62750660343529,2026-08-01
1046,999.0,2026-08-01
1047,16.950007477565798,2026-08-01
1048,121.25523450270039,2026-08-01
1049,13.094971705102397,2026-08-01
1050,94.2936063825686,2026-08-01
1051,19.71740703713449,2026-08-01
1052,8.313578496102396,2026-08-01
1053,31.542448124011194,2026-08-01
1054,69.6494323663363,2026-08-01
1055,4.496712098234398,2026-08-01
1056,64.50493596186399,2026-08-01
1057,0.12190897273329862,2026-08-01
1058,137.088891715347,2026-08-01
1059,124.2595075779638,2026-08-01
1060,31.9203839250586,2026-08-01
1061,15.912429835130995,2026-08-01
1062,18.81624843217339,2026-08-01
1063,27.750611330766098,2026-08-01
1064,269.15461923591135,2026-08-01
1065,88.8221050708591,2026-08-01
1066,10.399772625377501,2026-08-01
1067,26.151897989582093,2026-08-01
1068,51.99021734936459,2026-08-01
1069,35.1018026804868,2026-08-01
1070,7.41190839138029,2026-08-01
1071,78.9929868335432,2026-08-01
1072,79.6456400640963,2026-08-01
1073,0.9552936912826967,2026-08-01
1074,16.291490263868493,2026-08-01
1075,38.04627556314,2026-08-01
1076,39.157434123302394,2026-08-01
1077,32.703202489094096,2026-08-01
1078,2.09187971887919,2026-08-01
1079,10.813170690011992,2026-08-01
1080,204.53003955056678,2026-08-01
1081,53.9016738625593,2026-08-01
1082,2.9417284112655904,2026-08-01
1083,27.375025075773596,2026-08-01
1084,24.130261045555,2026-08-01
1085,77.7462913734111,2026-08-01
1086,8.480122136754595,2026-08-01
1087,17.152214579858992,2026-08-01
1088,14.8098574746058,2026-08-01
1089,67.6349972288805,2026-08-01
1090,17.458769699218493,2026-08-01
1091,27.591868033633087,2026-08-01
1092,2.2750027630859955,2026-08-01
1093,47.9358773692072,2026-08-01
1094,12.6376026099047,2026-08-01
1095,4.955046515742893,2026-08-01
1096,2.4634863839503933,2026-08-01
1097,37.29159782450479,2026-08-01
1098,1.7222236544154976,2026-08-01
1099,6.546407711784699,2026-08-01
1100,999.0,2026-08-01
1101,30.61835229117,2026-08-01
1102,1.1166305830037964,2026-08-01
1103,42.76370507792059,2026-08-01
1104,11.873704452175694,2026-08-01
1105,1.0986301383005903,2026-08-01
1106,27.99827114982529,2026-08-01
1107,18.72337558485369,2026-08-01
1108,6.592664232017396,2026-08-01
1109,88.6688897303783,2026-08-01
1110,999.0,2026-08-01
1111,108.58552004286088,2026-08-01
1112,17.9989342377625,2026-08-01
1113,35.88180065906759,2026-08-01
1114,33.6117693759591,2026-08-01
1115,27.284542326518793,2026-08-01
1116,44.40686340899419,2026-08-01
1117,17.694648999421688,2026-08-01
1118,65.3367458946113,2026-08-01
1119,20.872928544218695,2026-08-01
1120,56.41561245632729,2026-08-01
1121,999.0,2026-08-01
1122,60.365539473354595,2026-08-01
1123,98.42822892840059,2026-08-01
1124,1.6547768789505903,2026-08-01
1125,12.823854102504699,2026-08-01
1126,6.606375279931598,2026-08-01
1127,23.617016918667996,2026-08-01
1128,6.6897865422125005,2026-08-01
1129,26.3159274765847,2026-08-01
1130,45.2141736625458,2026-08-01
1131,48.669979679520594,2026-08-01
1132,24.402209426994297,2026-08-01
1133,8.75422419023809,2026-08-01
1134,0.42187402499778937,2026-08-01
1135,85.6023558787749,2026-08-01
1136,999.0,2026-08-01
1137,62.29952161286949,2026-08-01
1138,17.367164228689592,2026-08-01
1139,13.700820528778888,2026-08-01
1140,2.0347528958800924,2026-08-01
1141,51.9199877546076,2026-08-01
1142,10.817787013838196,2026-08-01
1143,9.139690580573195,2026-08-01
1144,60.20216627373209,2026-08-01
1145,43.00174830984089,2026-08-01
1146,115.4559039449329,2026-08-01
1147,19.90644794825479,2026-08-01
1148,15.890336186216793,2026-08-01
1149,23.706776143346794,2026-08-01
1150,91.28311026974279,2026-08-01
1151,32.0155106444413,2026-08-01
1152,32.93201074708839,2026-08-01
1153,76.4903342289488,2026-08-01
1154,15.170426309329791,2026-08-01
1155,11.659942637690197,2026-08-01
1156,81.2712204313273,2026-08-01
1157,1.4045569880073958,2026-08-01
1158,32.406506656286794,2026-08-01
1159,1.1424837462169908,2026-08-01
1160,215.96848580184786,2026-08-01
1161,31.813763169731295,2026-08-01
1162,17.159585343212395,2026-08-01
1163,5.797697745715197,2026-08-01
1164,101.0347513744749,2026-08-01
1165,13.635721525874096,2026-08-01
1166,23.8827004021361,2026-08-01
1167,2.9227646906406943,2026-08-01
1168,36.47893028266869,2026-08-01
1169,39.2893870636824,2026-08-01
1170,22.686576978702895,2026-08-01
1171,7.89345805597309,2026-08-01
1172,11.966464006647593,2026-08-01
1173,83.6276526889211,2026-08-01
1174,1.6015083586130903,2026-08-01
1175,3.9376627908597914,2026-08-01
1176,37.659458274173694,2026-08-01
1177,6.050150892648091,2026-08-01
1178,66.8824575170506,2026-08-01
1179,43.9643062796505,2026-08-01
1180,999.0,2026-08-01
1181,43.1095330391975,2026-08-01
1182,4.6386064970195955,2026-08-01
1183,146.879344379246,2026-08-01
1184,3.82142608817059,2026-08-01
1185,132.74088738406658,2026-08-01
1186,63.35123365895899,2026-08-01
1187,999.0,2026-08-01
1188,77.2781834064613,2026-08-01
1189,23.098457443251387,2026-08-01
1190,999.0,2026-08-01
1191,31.19208453496559,2026-08-01
1192,9.113270725855289,2026-08-01
1193,44.8122398181772,2026-08-01
1194,55.14266325023339,2026-08-01
1195,168.28896641771277,2026-08-01
1196,24.5185345116372,2026-08-01
1197,24.320576939505695,2026-08-01
1198,54.168704616838994,2026-08-01
1199,31.26578674273199,2026-08-01
1200,36.279322744402094,2026-08-01
1201,74.2627701070383,2026-08-01
1202,24.418566583561386,2026-08-01
1203,42.80736957462649,2026-08-01
1204,3.8049770086982986,2026-08-01
1205,16.938252134700694,2026-08-01
1206,88.3022772191862,2026-08-01
1207,36.26509771327529,2026-08-01
1208,37.909042460925285,2026-08-01
1209,23.4925292958077,2026-08-01
1210,26.040870065072696,2026-08-01
1211,30.419698347095395,2026-08-01
1212,325.73289436161286,2026-08-01
1213,43.603388080813886,2026-08-01
1214,3.6408041104375,2026-08-01
1215,999.0,2026-08-01
1216,999.0,2026-08-01
1217,21.98389381216389,2026-08-01
1218,184.1038751134714,2026-08-01
1219,4.336456221156493,2026-08-01
1220,46.8057228297005,2026-08-01
1221,33.773993695009594,2026-08-01
1222,5.122372117570799,2026-08-01
1223,23.595696280093993,2026-08-01
1224,34.6617786494572,2026-08-01
1225,59.448241472052395,2026-08-01
1226,44.2694433666622,2026-08-01
1227,29.588402489489294,2026-08-01
1228,16.042633537545196,2026-08-01
1229,45.4957371570005,2026-08-01
1230,12.043793587836193,2026-08-01
1231,9.836278212987697,2026-08-01
1232,118.39642195047199,2026-08-01
1233,10.806743727893194,2026-08-01
1234,43.41411426566789,2026-08-01
1235,105.446075209376,2026-08-01
1236,2.8045993182684956,2026-08-01
1237,1.6340472424158914,2026-08-01
1238,1.9556746670107987,2026-08-01
1239,94.7110885742818,2026-08-01
1240,21.9636473060919,2026-08-01
1241,32.9080344649449,2026-08-01
1242,17.346673826205894,2026-08-01
1243,16.039732450897294,2026-08-01
1244,41.20665565230569,2026-08-01
1245,108.50994044466371,2026-08-01
1246,17.00872529088529,2026-08-01
1247,7.225774315968195,2026-08-01
1248,20.688990675923993,2026-08-01
1249,32.77165153248949,2026-08-01
1250,45.0719480634237,2026-08-01
1251,36.37251133816779,2026-08-01
1252,0.22043583831429397,2026-08-01
1253,8.390028888584895,2026-08-01
1254,26.080484407221494,2026-08-01
1255,2.0331578369290972,2026-08-01
1256,25.00454669552,2026-08-01
1257,21.538421938487396,2026-08-01
1258,55.485840793458394,2026-08-01
1259,3.05912088795309,2026-08-01
1260,77.05438120096389,2026-08-01
1261,9.337038554911492,2026-08-01
1262,70.39817678958309,2026-08-01
1263,15.581356103531595,2026-08-01
1264,13.921435633902096,2026-08-01
1265,80.50349961136489,2026-08-01
1266,999.0,2026-08-01
1267,9.004726803736492,2026-08-01
1268,92.1209522069619,2026-08-01
1269,27.836354349212197,2026-08-01
1270,1.3475019303715972,2026-08-01
1271,50.479784064046385,2026-08-01
1272,999.0,2026-08-01
1273,31.02044464842059,2026-08-01
1274,6.111654368559596,2026-08-01
1275,14.097445190822395,2026-08-01
1276,14.942569836991192,2026-08-01
1277,2.9505086010244908,2026-08-01
1278,194.374242212635,2026-08-01
1279,999.0,2026-08-01
1280,8.79190271656839,2026-08-01
1281,38.062732011600694,2026-08-01
1282,3.0169658116678937,2026-08-01
1283,5.930016907820393,2026-08-01
1284,0.029216539846793982,2026-08-01
1285,21.04715243821639,2026-08-01
1286,19.9244473351383,2026-08-01
1287,131.9095404760661,2026-08-01
1288,43.4876392033191,2026-08-01
1289,33.6813966337172,2026-08-01
1290,15.645783984708693,2026-08-01
1291,13.671664939550498,2026-08-01
1292,71.5293795695029,2026-08-01
1293,1.587133296998993,2026-08-01
1294,999.0,2026-08-01
1295,43.927048930174294,2026-08-01
1296,53.134996787376394,2026-08-01
1297,86.6852281465391,2026-08-01
1298,104.9162803089733,2026-08-01
1299,1.7888785012229975,2026-08-01
1300,24.591155502014193,2026-08-01
1301,38.053099380743,2026-08-01
1302,1.314927770796389,2026-08-01
1303,65.6471908018806,2026-08-01
1304,79.4829828990891,2026-08-01
1305,114.9692782812931,2026-08-01
1306,72.0067078761908,2026-08-01
1307,130.5997699797567,2026-08-01
1308,13.562914101868392,2026-08-01
1309,6.379369789242593,2026-08-01
1310,60.62034867420009,2026-08-01
1311,5.74119477650309,2026-08-01
1312,4.80101669524029,2026-08-01
1313,28.333310420730694,2026-08-01
1314,0.22235305909759262,2026-08-01
1315,76.42570328208319,2026-08-01
1316,68.26904962653279,2026-08-01
1317,168.4898726373786,2026-08-01
1318,21.180805784110497,2026-08-01
1319,21.901139917355593,2026-08-01
1320,3.528900915444491,2026-08-01
1321,999.0,2026-08-01
1322,6.818521824962095,2026-08-01
1323,99.5051427239277,2026-08-01
1324,11.271700130591192,2026-08-01
1325,86.62619561886319,2026-08-01
1326,17.866658069494594,2026-08-01
1327,113.45645661256289,2026-08-01
1328,999.0,2026-08-01
1329,38.45429178877429,2026-08-01
1330,8.30412628287919,2026-08-01
1331,14.0118202968433,2026-08-01
1332,38.713420050992895,2026-08-01
1333,1.5211440171975001,2026-08-01
1334,6.6029676166603934,2026-08-01
1335,83.2255137789188,2026-08-01
1336,37.8013159413047,2026-08-01
1337,32.519677378773295,2026-08-01
1338,71.7506586458932,2026-08-01
1339,1.9162265591903938,2026-08-01
1340,47.4701371757566,2026-08-01
1341,12.189684648112198,2026-08-01
1342,17.447495462217198,2026-08-01
1343,999.0,2026-08-01
1344,2.700961883472789,2026-08-01
1345,39.3928551299002,2026-08-01
1346,58.350046201293,2026-08-01
1347,57.2269876558525,2026-08-01
1348,22.906844631207292,2026-08-01
1349,1.4842321355919907,2026-08-01
1350,15.851025299380392,2026-08-01
1351,37.2434198709725,2026-08-01
1352,237.00660998578618,2026-08-01
1353,94.58775792526369,2026-08-01
1354,134.00745207628168,2026-08-01
1355,21.80954838943169,2026-08-01
1356,34.466064486740294,2026-08-01
1357,63.117200523570794,2026-08-01
1358,9.185687758812096,2026-08-01
1359,75.3467488970927,2026-08-01
1360,6.784597237627292,2026-08-01
1361,31.002355896007696,2026-08-01
1362,3.031841464268993,2026-08-01
1363,44.11117873854509,2026-08-01
1364,35.032228338328885,2026-08-01
1365,14.667298123940197,2026-08-01
1366,35.65757233324419,2026-08-01
1367,5.243658255602696,2026-08-01
1368,37.900243950205,2026-08-01
1369,36.110196919739394,2026-08-01
1370,48.78891726131929,2026-08-01
1371,37.112511451607396,2026-08-01
1372,13.399097093758598,2026-08-01
1373,31.499847969068693,2026-08-01
1374,65.64264125409369,2026-08-01
1375,152.1908082952799,2026-08-01
1376,16.49356895456869,2026-08-01
1377,41.109673035131294,2026-08-01
1378,103.561027817519,2026-08-01
1379,2.7599680315171993,2026-08-01
1380,43.035937065800695,2026-08-01
1381,9.475213569447396,2026-08-01
1382,0.08884966147819444,2026-08-01
1383,22.678737950172593,2026-08-01
1384,7.6620971311233905,2026-08-01
1385,1.9310359968436923,2026-08-01
1386,72.47164157609899,2026-08-01
1387,8.389065258565893,2026-08-01
1388,14.585420741392095,2026-08-01
1389,80.26914962610869,2026-08-01
1390,8.169853930258599,2026-08-01
1391,4.327874051300498,2026-08-01
1392,28.4349366383108,2026-08-01
1393,24.2933599119083,2026-08-01
1394,17.183154447792997,2026-08-01
1395,1.4893710757499998,2026-08-01
1396,96.9069236796443,2026-08-01
1397,62.33764591984129,2026-08-01
1398,102.9970749607436,2026-08-01
1399,30.916815774278795,2026-08-01
1400,71.9756236024227,2026-08-01
1401,1.0657624186179977,2026-08-01
1402,2.164719233268889,2026-08-01
1403,48.641933883391495,2026-08-01
1404,26.55551670589889,2026-08-01
1405,46.8523102682705,2026-08-01
1406,42.6212943110697,2026-08-01
1407,81.521656971418,2026-08-01
1408,12.26684527241169,2026-08-01
1409,999.0,2026-08-01
1410,64.1843970981879,2026-08-01
1411,52.49149589976509,2026-08-01
1412,18.109605736623887,2026-08-01
1413,61.159080670131395,2026-08-01
1414,17.779271350374295,2026-08-01
1415,17.947802190136297,2026-08-01
1416,9.2820797900447,2026-08-01
1417,1.4556055345682986,2026-08-01
1418,3.757509541118391,2026-08-01
1419,24.96245627745059,2026-08-01
1420,21.85146836391889,2026-08-01
1421,37.458249283612396,2026-08-01
1422,105.8013129990283,2026-08-01
1423,71.9643990275053,2026-08-01
1424,2.2514735899947915,2026-08-01
1425,15.473667802459294,2026-08-01
1426,5.611379619111493,2026-08-01
1427,5.7577613517461,2026-08-01
1428,21.113259662804293,2026-08-01
1429,60.5697765562869,2026-08-01
1430,43.49354673216889,2026-08-01
1431,4.148566348387997,2026-08-01
1432,5.207182395759294,2026-08-01
1433,2.8659230325334955,2026-08-01
1434,17.89080123555089,2026-08-01
1435,34.868186572568796,2026-08-01
1436,10.1427411766986,2026-08-01
1437,8.005627222204492,2026-08-01
1438,35.78797566019539,2026-08-01
1439,39.36383539249229,2026-08-01
1440,26.3276338109,2026-08-01
1441,11.045332567539596,2026-08-01
1442,81.3656081660813,2026-08-01
1443,43.55819183346709,2026-08-01
1444,105.26627314839027,2026-08-01
1445,46.655558149973,2026-08-01
1446,5.559555188778797,2026-08-01
1447,40.0643065520355,2026-08-01
1448,19.1066757679125,2026-08-01
1449,27.88502626091389,2026-08-01
1450,61.23094235900138,2026-08-01
1451,68.70674379499259,2026-08-01
1452,999.0,2026-08-01
1453,999.0,2026-08-01
1454,35.1811986297747,2026-08-01
1455,8.836990966424699,2026-08-01
1456,3.7000768543287963,2026-08-01
1457,40.3789201078108,2026-08-01
1458,77.5061872536468,2026-08-01
1459,47.3812153221861,2026-08-01
1460,9.127291443161099,2026-08-01
1461,16.548741618449295,2026-08-01
1462,33.43225122589649,2026-08-01
1463,20.956015677797396,2026-08-01
1464,2.494952280146389,2026-08-01
1465,240.0878761953343,2026-08-01
1466,27.908706783418996,2026-08-01
1467,27.582688668940996,2026-08-01
1468,50.5119404301307,2026-08-01
1469,106.22355059230611,2026-08-01
1470,12.83952233256919,2026-08-01
1471,0.8455280398792939,2026-08-01
1472,77.1211705261718,2026-08-01
1473,4.536013774990393,2026-08-01
1474,16.00165901838729,2026-08-01
1475,19.865622175080198,2026-08-01
1476,6.125490224817789,2026-08-01
1477,56.76185433596519,2026-08-01
1478,62.063574329015886,2026-08-01
1479,29.561431270692292,2026-08-01
1480,21.613924810202096,2026-08-01
1481,24.94237787704559,2026-08-01
1482,999.0,2026-08-01
1483,8.305606844981899,2026-08-01
1484,999.0,2026-08-01
1485,72.590834565461,2026-08-01
1486,17.515196150266192,2026-08-01
1487,135.49033199982418,2026-08-01
1488,8.39133725883059,2026-08-01
1489,999.0,2026-08-01
1490,40.40479356786349,2026-08-01
1491,60.641700307741786,2026-08-01
1492,31.075571590609098,2026-08-01
1493,999.0,2026-08-01
1494,46.43303779421529,2026-08-01
1495,12.230184905916898,2026-08-01
1496,30.81407000537559,2026-08-01
1497,3.4317591682427895,2026-08-01
1498,6.632272820131492,2026-08-01
1499,15.890290246894791,2026-08-01
1500,146.9538946162529,2026-08-01
