customer_id,recent_spend_adjusted,as_of_date
1,0.0,2026-08-01
2,307.395,2026-08-01
3,0.0,2026-08-01
4,0.0,2026-08-01
5,34.26,2026-08-01
6,104.23,2026-08-01
7,52.4,2026-08-01
8,294.21,2026-08-01
9,15.51,2026-08-01
10,209.16000000000003,2026-08-01
11,70.6725,2026-08-01
12,145.70999999999998,2026-08-01
13,0.0,2026-08-01
14,140.82750000000001,2026-08-01
15,127.57,2026-08-01
16,0.0,2026-08-01
17,40.51,2026-08-01
18,1288.6200000000001,2026-08-01
19,304.8075,2026-08-01
20,29.13,2026-08-01
21,175.38,2026-08-01
22,9.2,2026-08-01
23,0.0,2026-08-01
24,11.88,2026-08-01
25,48.26,2026-08-01
26,396.0675,2026-08-01
27,148.32,2026-08-01
28,585.0,2026-08-01
29,167.31,2026-08-01
30,60.0,2026-08-01
31,233.16750000000002,2026-08-01
32,38.86,2026-08-01
33,175.70250000000001,2026-08-01
34,656.1,2026-08-01
35,14.68,2026-08-01
36,200.6775,2026-08-01
37,0.0,2026-08-01
38,117.94500000000001,2026-08-01
39,1211.085,2026-08-01
40,396.855,2026-08-01
41,31.5,2026-08-01
42,675.405,2026-08-01
43,768.9375,2026-08-01
44,33.54,2026-08-01
45,9.61,2026-08-01
46,10.74,2026-08-01
47,497.88,2026-08-01
48,58.23,2026-08-01
49,256.1625,2026-08-01
50,23.32,2026-08-01
51,141.01,2026-08-01
52,802.5075,2026-08-01
53,450.54,2026-08-01
54,113.89500000000001,2026-08-01
55,546.0975,2026-08-01
56,8.07,2026-08-01
57,366.0525,2026-08-01
58,0.0,2026-08-01
59,749.43,2026-08-01
60,377.9325,2026-08-01
61,146.84,2026-08-01
62,0.0,2026-08-01
63,0.0,2026-08-01
64,155.52,2026-08-01
65,180.9225,2026-08-01
66,461.40749999999997,2026-08-01
67,349.8525,2026-08-01
68,95.5575,2026-08-01
69,83.3175,2026-08-01
70,726.7275,2026-08-01
71,21.03,2026-08-01
72,110.11500000000001,2026-08-01
73,222.4125,2026-08-01
74,205.16,2026-08-01
75,569.97,2026-08-01
76,314.66249999999997,2026-08-01
77,193.9275,2026-08-01
78,397.5975,2026-08-01
79,69.45,2026-08-01
80,214.1325,2026-08-01
81,153.495,2026-08-01
82,40.66,2026-08-01
83,15.75,2026-08-01
84,587.205,2026-08-01
85,338.1975,2026-08-01
86,226.01250000000002,2026-08-01
87,143.01,2026-08-01
88,759.0150000000001,2026-08-01
89,250.74,2026-08-01
90,26.36,2026-08-01
91,336.96,2026-08-01
92,0.0,2026-08-01
93,649.71,2026-08-01
94,128.3,2026-08-01
95,0.0,2026-08-01
96,272.0025,2026-08-01
97,382.81499999999994,2026-08-01
98,70.06,2026-08-01
99,469.37250000000006,2026-08-01
100,0.0,2026-08-01
101,44.7,2026-08-01
102,363.3525,2026-08-01
103,0.0,2026-08-01
104,0.0,2026-08-01
105,6.94,2026-08-01
106,286.1325,2026-08-01
107,121.24,2026-08-01
108,613.26,2026-08-01
109,77.57,2026-08-01
110,0.0,2026-08-01
111,321.6825,2026-08-01
112,89.19,2026-08-01
113,0.0,2026-08-01
114,721.0575000000001,2026-08-01
115,0.0,2026-08-01
116,309.735,2026-08-01
117,0.0,2026-08-01
118,19.19,2026-08-01
119,321.57000000000005,2026-08-01
120,193.70250000000001,2026-08-01
121,379.93500000000006,2026-08-01
122,723.8249999999999,2026-08-01
123,213.59250000000003,2026-08-01
124,15.7,2026-08-01
125,261.63,2026-08-01
126,5.36,2026-08-01
127,258.90749999999997,2026-08-01
128,1448.0549999999998,2026-08-01
129,773.0775,2026-08-01
130,222.6825,2026-08-01
131,934.0425,2026-08-01
132,5.97,2026-08-01
133,0.0,2026-08-01
134,231.34499999999997,2026-08-01
135,270.3825,2026-08-01
136,426.81,2026-08-01
137,412.425,2026-08-01
138,0.0,2026-08-01
139,15.9,2026-08-01
140,93.27,2026-08-01
141,35.81,2026-08-01
142,829.1475000000002,2026-08-01
143,439.2225,2026-08-01
144,282.6675,2026-08-01
145,99.7875,2026-08-01
146,353.52,2026-08-01
147,37.76,2026-08-01
148,6.59,2026-08-01
149,406.37249999999995,2026-08-01
150,686.0474999999999,2026-08-01
151,350.505,2026-08-01
152,359.63999999999993,2026-08-01
153,44.81,2026-08-01
154,37.2,2026-08-01
155,136.665,2026-08-01
156,10.59,2026-08-01
157,467.59499999999997,2026-08-01
158,0.0,2026-08-01
159,0.0,2026-08-01
160,186.5025,2026-08-01
161,445.365,2026-08-01
162,37.36,2026-08-01
163,245.9475,2026-08-01
164,344.6325,2026-08-01
165,182.16,2026-08-01
166,1813.6125,2026-08-01
167,154.395,2026-08-01
168,470.835,2026-08-01
169,29.1,2026-08-01
170,8.97,2026-08-01
171,22.88,2026-08-01
172,724.4775000000002,2026-08-01
173,334.1025,2026-08-01
174,38.21,2026-08-01
175,112.3,2026-08-01
176,19.02,2026-08-01
177,32.9,2026-08-01
178,543.735,2026-08-01
179,92.61000000000001,2026-08-01
180,69.39,2026-08-01
181,0.0,2026-08-01
182,400.635,2026-08-01
183,438.975,2026-08-01
184,5.73,2026-08-01
185,351.1125,2026-08-01
186,111.9825,2026-08-01
187,215.03250000000003,2026-08-01
188,109.99,2026-08-01
189,278.7975,2026-08-01
190,7.14,2026-08-01
191,27.88,2026-08-01
192,370.84499999999997,2026-08-01
193,0.0,2026-08-01
194,397.89,2026-08-01
195,352.755,2026-08-01
196,502.74,2026-08-01
197,155.85750000000002,2026-08-01
198,157.45499999999998,2026-08-01
199,303.59250000000003,2026-08-01
200,48.0,2026-08-01
201,815.22,2026-08-01
202,20.53,2026-08-01
203,0.0,2026-08-01
204,645.1425,2026-08-01
205,145.9575,2026-08-01
206,0.0,2026-08-01
207,0.0,2026-08-01
208,42.92,2026-08-01
209,11.48,2026-08-01
210,142.98749999999998,2026-08-01
211,131.78249999999997,2026-08-01
212,356.44500000000005,2026-08-01
213,99.09,2026-08-01
214,135.0225,2026-08-01
215,81.4725,2026-08-01
216,163.08,2026-08-01
217,458.0775,2026-08-01
218,34.72,2026-08-01
219,9.65,2026-08-01
220,98.2,2026-08-01
221,870.0975,2026-08-01
222,14.13,2026-08-01
223,711.0450000000001,2026-08-01
224,252.08999999999997,2026-08-01
225,157.45,2026-08-01
226,53.19,2026-08-01
227,38.47,2026-08-01
228,289.91249999999997,2026-08-01
229,288.9225,2026-08-01
230,139.23,2026-08-01
231,44.06,2026-08-01
232,165.57750000000001,2026-08-01
233,0.0,2026-08-01
234,266.15250000000003,2026-08-01
235,64.17,2026-08-01
236,845.865,2026-08-01
237,270.855,2026-08-01
238,21.58,2026-08-01
239,253.89000000000001,2026-08-01
240,196.5825,2026-08-01
241,432.0225,2026-08-01
242,0.0,2026-08-01
243,0.0,2026-08-01
244,227.025,2026-08-01
245,150.59250000000003,2026-08-01
246,0.0,2026-08-01
247,0.0,2026-08-01
248,60.39,2026-08-01
249,47.14,2026-08-01
250,0.0,2026-08-01
251,267.8625,2026-08-01
252,22.63,2026-08-01
253,0.0,2026-08-01
254,0.0,2026-08-01
255,1079.8425,2026-08-01
256,142.0875,2026-08-01
257,50.49,2026-08-01
258,0.0,2026-08-01
259,52.77,2026-08-01
260,780.885,2026-08-01
261,812.835,2026-08-01
262,470.1375,2026-08-01
263,670.2750000000001,2026-08-01
264,207.315,2026-08-01
265,15.45,2026-08-01
266,58.32,2026-08-01
267,250.4925,2026-08-01
268,803.7674999999999,2026-08-01
269,22.47,2026-08-01
270,282.195,2026-08-01
271,33.56,2026-08-01
272,0.0,2026-08-01
273,196.02,2026-08-01
274,1005.5924999999999,2026-08-01
275,397.665,2026-08-01
276,110.3,2026-08-01
277,18.01,2026-08-01
278,197.34,2026-08-01
279,0.0,2026-08-01
280,314.235,2026-08-01
281,430.02,2026-08-01
282,356.76,2026-08-01
283,189.135,2026-08-01
284,65.025,2026-08-01
285,165.24,2026-08-01
286,224.8875,2026-08-01
287,295.08750000000003,2026-08-01
288,94.9725,2026-08-01
289,372.7575,2026-08-01
290,25.61,2026-08-01
291,112.41000000000003,2026-08-01
292,374.87250000000006,2026-08-01
293,69.4575,2026-08-01
294,27.55,2026-08-01
295,347.085,2026-08-01
296,280.6425,2026-08-01
297,462.4875,2026-08-01
298,404.46,2026-08-01
299,517.5,2026-08-01
300,1010.79,2026-08-01
301,0.0,2026-08-01
302,21.17,2026-08-01
303,44.84,2026-08-01
304,549.405,2026-08-01
305,0.0,2026-08-01
306,58.4,2026-08-01
307,27.64,2026-08-01
308,1267.2225,2026-08-01
309,124.425,2026-08-01
310,200.22750000000002,2026-08-01
311,477.60749999999996,2026-08-01
312,162.0,2026-08-01
313,0.0,2026-08-01
314,323.55,2026-08-01
315,160.605,2026-08-01
316,162.8325,2026-08-01
317,339.7275,2026-08-01
318,173.04749999999999,2026-08-01
319,81.27,2026-08-01
320,315.99,2026-08-01
321,73.48,2026-08-01
322,166.185,2026-08-01
323,1838.7450000000001,2026-08-01
324,760.6575,2026-08-01
325,54.5,2026-08-01
326,0.0,2026-08-01
327,236.77,2026-08-01
328,57.34,2026-08-01
329,494.37,2026-08-01
330,77.1525,2026-08-01
331,17.77,2026-08-01
332,184.1625,2026-08-01
333,466.4925,2026-08-01
334,96.37,2026-08-01
335,967.8824999999999,2026-08-01
336,27.72,2026-08-01
337,276.075,2026-08-01
338,335.34000000000003,2026-08-01
339,227.67,2026-08-01
340,0.0,2026-08-01
341,18.75,2026-08-01
342,339.79499999999996,2026-08-01
343,158.85000000000002,2026-08-01
344,63.8775,2026-08-01
345,70.67,2026-08-01
346,128.15,2026-08-01
347,213.4125,2026-08-01
348,534.105,2026-08-01
349,211.41000000000003,2026-08-01
350,180.135,2026-08-01
351,308.16,2026-08-01
352,36.78,2026-08-01
353,282.825,2026-08-01
354,44.36,2026-08-01
355,24.73,2026-08-01
356,264.24,2026-08-01
357,141.39000000000001,2026-08-01
358,0.0,2026-08-01
359,22.32,2026-08-01
360,56.04,2026-08-01
361,262.44,2026-08-01
362,263.5425,2026-08-01
363,292.02750000000003,2026-08-01
364,311.84999999999997,2026-08-01
365,18.71,2026-08-01
366,278.5275,2026-08-01
367,176.6,2026-08-01
368,372.5775,2026-08-01
369,0.0,2026-08-01
370,684.6525,2026-08-01
371,175.32,2026-08-01
372,194.82750000000001,2026-08-01
373,613.6425,2026-08-01
374,392.8275,2026-08-01
375,13.43,2026-08-01
376,13.79,2026-08-01
377,286.065,2026-08-01
378,28.35,2026-08-01
379,23.98,2026-08-01
380,104.22,2026-08-01
381,0.0,2026-08-01
382,103.9725,2026-08-01
383,328.59,2026-08-01
384,185.49,2026-08-01
385,30.19,2026-08-01
386,168.03,2026-08-01
387,0.0,2026-08-01
388,175.32,2026-08-01
389,64.14,2026-08-01
390,129.3975,2026-08-01
391,335.96999999999997,2026-08-01
392,119.3625,2026-08-01
393,816.6375,2026-08-01
394,537.1424999999999,2026-08-01
395,391.11749999999995,2026-08-01
396,215.59499999999997,2026-08-01
397,203.2875,2026-08-01
398,83.34,2026-08-01
399,482.625,2026-08-01
400,0.0,2026-08-01
401,92.115,2026-08-01
402,35.89,2026-08-01
403,414.765,2026-08-01
404,0.0,2026-08-01
405,171.09,2026-08-01
406,0.0,2026-08-01
407,39.47,2026-08-01
408,29.94,2026-08-01
409,154.5075,2026-08-01
410,0.0,2026-08-01
411,225.85500000000002,2026-08-01
412,245.13750000000002,2026-08-01
413,824.5575000000001,2026-08-01
414,18.28,2026-08-01
415,23.3,2026-08-01
416,454.54499999999996,2026-08-01
417,471.48749999999995,2026-08-01
418,0.0,2026-08-01
419,371.85749999999996,2026-08-01
420,12.12,2026-08-01
421,85.94,2026-08-01
422,10.2,2026-08-01
423,591.705,2026-08-01
424,475.605,2026-08-01
425,19.12,2026-08-01
426,1077.48,2026-08-01
427,153.35999999999999,2026-08-01
428,495.6525,2026-08-01
429,0.0,2026-08-01
430,536.8275000000001,2026-08-01
431,0.0,2026-08-01
432,588.105,2026-08-01
433,854.7075,2026-08-01
434,33.64,2026-08-01
435,258.525,2026-08-01
436,0.0,2026-08-01
437,52.25,2026-08-01
438,18.93,2026-08-01
439,0.0,2026-08-01
440,44.82000000000001,2026-08-01
441,568.7325,2026-08-01
442,310.9725,2026-08-01
443,41.87,2026-08-01
444,205.10999999999999,2026-08-01
445,159.5025,2026-08-01
446,0.0,2026-08-01
447,281.83500000000004,2026-08-01
448,192.8025,2026-08-01
449,51.6825,2026-08-01
450,714.7125,2026-08-01
451,292.72499999999997,2026-08-01
452,451.6875,2026-08-01
453,166.09499999999997,2026-08-01
454,0.0,2026-08-01
455,222.1425,2026-08-01
456,35.21,2026-08-01
457,27.66,2026-08-01
458,5.51,2026-08-01
459,293.84999999999997,2026-08-01
460,139.2525,2026-08-01
461,166.38750000000002,2026-08-01
462,0.0,2026-08-01
463,405.135,2026-08-01
464,0.0,2026-08-01
465,18.55,2026-08-01
466,150.07500000000002,2026-08-01
467,191.385,2026-08-01
468,85.45500000000001,2026-08-01
469,522.7425,2026-08-01
470,304.71750000000003,2026-08-01
471,642.645,2026-08-01
472,659.295,2026-08-01
473,750.4424999999999,2026-08-01
474,407.745,2026-08-01
475,120.73499999999999,2026-08-01
476,70.79,2026-08-01
477,320.1975,2026-08-01
478,41.02,2026-08-01
479,25.39,2026-08-01
480,21.09,2026-08-01
481,18.54,2026-08-01
482,21.17,2026-08-01
483,314.505,2026-08-01
484,40.8,2026-08-01
485,597.7574999999999,2026-08-01
486,32.72,2026-08-01
487,142.56,2026-08-01
488,65.47,2026-08-01
489,34.19,2026-08-01
490,94.41,2026-08-01
491,240.16500000000002,2026-08-01
492,261.5175,2026-08-01
493,0.0,2026-08-01
494,548.1225000000001,2026-08-01
495,0.0,2026-08-01
496,524.3625000000001,2026-08-01
497,594.9,2026-08-01
498,747.18,2026-08-01
499,235.3725,2026-08-01
500,189.35999999999999,2026-08-01
501,15.87,2026-08-01
502,652.0275,2026-08-01
503,188.7525,2026-08-01
504,175.725,2026-08-01
505,588.105,2026-08-01
506,143.4825,2026-08-01
507,0.0,2026-08-01
508,162.855,2026-08-01
509,753.6825000000001,2026-08-01
510,24.68,2026-08-01
511,0.0,2026-08-01
512,88.61,2026-08-01
513,651.195,2026-08-01
514,528.21,2026-08-01
515,403.515,2026-08-01
516,9.07,2026-08-01
517,102.73499999999999,2026-08-01
518,0.0,2026-08-01
519,0.0,2026-08-01
520,385.8975,2026-08-01
521,489.9825,2026-08-01
522,94.995,2026-08-01
523,56.57,2026-08-01
524,13.98,2026-08-01
525,0.0,2026-08-01
526,814.0049999999999,2026-08-01
527,1058.04,2026-08-01
528,96.3225,2026-08-01
529,39.44,2026-08-01
530,68.47,2026-08-01
531,10.64,2026-08-01
532,252.89999999999998,2026-08-01
533,166.16,2026-08-01
534,0.0,2026-08-01
535,700.0649999999999,2026-08-01
536,0.0,2026-08-01
537,202.91,2026-08-01
538,10.1,2026-08-01
539,66.12,2026-08-01
540,0.0,2026-08-01
541,48.09,2026-08-01
542,32.04,2026-08-01
543,375.09749999999997,2026-08-01
544,144.20250000000001,2026-08-01
545,279.5175,2026-08-01
546,0.0,2026-08-01
547,777.555,2026-08-01
548,55.125,2026-08-01
549,0.0,2026-08-01
550,90.27000000000001,2026-08-01
551,90.48,2026-08-01
552,0.0,2026-08-01
553,119.0925,2026-08-01
554,0.0,2026-08-01
555,279.495,2026-08-01
556,481.81500000000005,2026-08-01
557,492.255,2026-08-01
558,93.99,2026-08-01
559,281.09250000000003,2026-08-01
560,515.2950000000001,2026-08-01
561,663.3900000000001,2026-08-01
562,15.51,2026-08-01
563,425.20500000000004,2026-08-01
564,236.925,2026-08-01
565,842.3325,2026-08-01
566,659.925,2026-08-01
567,6.42,2026-08-01
568,329.625,2026-08-01
569,8.52,2026-08-01
570,543.3975,2026-08-01
571,690.57,2026-08-01
572,345.015,2026-08-01
573,84.465,2026-08-01
574,0.0,2026-08-01
575,0.0,2026-08-01
576,596.6325,2026-08-01
577,184.54500000000002,2026-08-01
578,407.115,2026-08-01
579,132.5025,2026-08-01
580,63.49,2026-08-01
581,32.8275,2026-08-01
582,88.2675,2026-08-01
583,103.1,2026-08-01
584,21.38,2026-08-01
585,131.1525,2026-08-01
586,144.495,2026-08-01
587,830.115,2026-08-01
588,54.58,2026-08-01
589,0.0,2026-08-01
590,32.36,2026-08-01
591,385.8975,2026-08-01
592,633.3075000000001,2026-08-01
593,0.0,2026-08-01
594,264.96,2026-08-01
595,431.6175,2026-08-01
596,508.59,2026-08-01
597,270.225,2026-08-01
598,54.46,2026-08-01
599,101.79,2026-08-01
600,672.7725,2026-08-01
601,291.24,2026-08-01
602,11.4,2026-08-01
603,46.61,2026-08-01
604,57.78,2026-08-01
605,0.0,2026-08-01
606,4.65,2026-08-01
607,400.56749999999994,2026-08-01
608,9.93,2026-08-01
609,65.63250000000001,2026-08-01
610,543.5550000000001,2026-08-01
611,122.31,2026-08-01
612,0.0,2026-08-01
613,499.77,2026-08-01
614,381.96,2026-08-01
615,38.74,2026-08-01
616,29.25,2026-08-01
617,642.0600000000001,2026-08-01
618,178.605,2026-08-01
619,201.89249999999998,2026-08-01
620,0.0,2026-08-01
621,136.98,2026-08-01
622,519.0525,2026-08-01
623,147.78000000000003,2026-08-01
624,342.045,2026-08-01
625,181.48499999999999,2026-08-01
626,240.4575,2026-08-01
627,0.0,2026-08-01
628,544.635,2026-08-01
629,349.53749999999997,2026-08-01
630,158.535,2026-08-01
631,331.38,2026-08-01
632,0.0,2026-08-01
633,47.88,2026-08-01
634,0.0,2026-08-01
635,111.3075,2026-08-01
636,319.2075,2026-08-01
637,19.84,2026-08-01
638,180.6075,2026-08-01
639,821.385,2026-08-01
640,779.3100000000001,2026-08-01
641,0.0,2026-08-01
642,433.3275,2026-08-01
643,209.835,2026-08-01
644,0.0,2026-08-01
645,348.00750000000005,2026-08-01
646,76.65,2026-08-01
647,152.55,2026-08-01
648,565.38,2026-08-01
649,272.81249999999994,2026-08-01
650,422.415,2026-08-01
651,12.3,2026-08-01
652,178.92,2026-08-01
653,155.09250000000003,2026-08-01
654,177.525,2026-08-01
655,240.95250000000001,2026-08-01
656,78.5925,2026-08-01
657,398.96999999999997,2026-08-01
658,327.645,2026-08-01
659,177.54749999999999,2026-08-01
660,161.52749999999997,2026-08-01
661,0.0,2026-08-01
662,31.88,2026-08-01
663,583.155,2026-08-01
664,301.545,2026-08-01
665,5.28,2026-08-01
666,117.22500000000001,2026-08-01
667,232.605,2026-08-01
668,130.14000000000001,2026-08-01
669,225.315,2026-08-01
670,13.47,2026-08-01
671,453.735,2026-08-01
672,625.7475000000001,2026-08-01
673,285.885,2026-08-01
674,0.0,2026-08-01
675,350.01,2026-08-01
676,93.89,2026-08-01
677,37.76,2026-08-01
678,22.36,2026-08-01
679,0.0,2026-08-01
680,580.4325000000001,2026-08-01
681,0.0,2026-08-01
682,83.42,2026-08-01
683,0.0,2026-08-01
684,0.0,2026-08-01
685,107.0325,2026-08-01
686,179.6625,2026-08-01
687,9.11,2026-08-01
688,26.06,2026-08-01
689,1174.905,2026-08-01
690,46.30499999999999,2026-08-01
691,72.22500000000001,2026-08-01
692,1154.2275,2026-08-01
693,285.3675,2026-08-01
694,128.3175,2026-08-01
695,120.01499999999999,2026-08-01
696,78.14250000000001,2026-08-01
697,0.0,2026-08-01
698,392.82749999999993,2026-08-01
699,31.95,2026-08-01
700,588.5325,2026-08-01
701,25.64,2026-08-01
702,795.6225000000001,2026-08-01
703,412.9425,2026-08-01
704,165.15,2026-08-01
705,0.0,2026-08-01
706,159.61500000000004,2026-08-01
707,0.0,2026-08-01
708,171.20250000000001,2026-08-01
709,0.0,2026-08-01
710,204.3225,2026-08-01
711,809.5275,2026-08-01
712,37.36,2026-08-01
713,943.1775,2026-08-01
714,87.11,2026-08-01
715,48.03,2026-08-01
716,718.2450000000001,2026-08-01
717,246.48749999999998,2026-08-01
718,123.6,2026-08-01
719,154.1925,2026-08-01
720,262.26,2026-08-01
721,337.0275,2026-08-01
722,16.81,2026-08-01
723,144.855,2026-08-01
724,157.8825,2026-08-01
725,30.37,2026-08-01
726,123.27750000000002,2026-08-01
727,282.6675,2026-08-01
728,483.3,2026-08-01
729,332.66249999999997,2026-08-01
730,612.2249999999999,2026-08-01
731,82.57,2026-08-01
732,84.01,2026-08-01
733,70.98,2026-08-01
734,153.7875,2026-08-01
735,273.465,2026-08-01
736,1112.4225,2026-08-01
737,168.52,2026-08-01
738,244.6425,2026-08-01
739,77.08,2026-08-01
740,1198.5749999999998,2026-08-01
741,76.99,2026-08-01
742,647.2125,2026-08-01
743,63.9675,2026-08-01
744,507.84749999999997,2026-08-01
745,13.64,2026-08-01
746,476.1675,2026-08-01
747,34.82,2026-08-01
748,132.8175,2026-08-01
749,389.52,2026-08-01
750,369.6975,2026-08-01
751,170.9775,2026-08-01
752,673.4250000000001,2026-08-01
753,39.4,2026-08-01
754,334.89,2026-08-01
755,426.96,2026-08-01
756,333.0225,2026-08-01
757,185.82750000000001,2026-08-01
758,25.84,2026-08-01
759,0.0,2026-08-01
760,406.26,2026-08-01
761,501.00750000000005,2026-08-01
762,57.33,2026-08-01
763,0.0,2026-08-01
764,0.0,2026-08-01
765,43.02,2026-08-01
766,15.78,2026-08-01
767,81.27,2026-08-01
768,0.0,2026-08-01
769,78.75,2026-08-01
770,0.0,2026-08-01
771,0.0,2026-08-01
772,925.1999999999999,2026-08-01
773,0.0,2026-08-01
774,584.5275,2026-08-01
775,103.7475,2026-08-01
776,0.0,2026-08-01
777,113.64,2026-08-01
778,0.0,2026-08-01
779,160.2225,2026-08-01
780,5.85,2026-08-01
781,488.9025,2026-08-01
782,39.07,2026-08-01
783,56.26,2026-08-01
784,530.5500000000001,2026-08-01
785,0.0,2026-08-01
786,15.22,2026-08-01
787,0.0,2026-08-01
788,332.61749999999995,2026-08-01
789,2259.495,2026-08-01
790,0.0,2026-08-01
791,64.93,2026-08-01
792,40.53,2026-08-01
793,754.9424999999999,2026-08-01
794,509.58000000000004,2026-08-01
795,411.92999999999995,2026-08-01
796,483.6375,2026-08-01
797,475.8525,2026-08-01
798,0.0,2026-08-01
799,339.0075,2026-08-01
800,8.49,2026-08-01
801,0.0,2026-08-01
802,0.0,2026-08-01
803,20.66,2026-08-01
804,528.525,2026-08-01
805,107.82000000000001,2026-08-01
806,134.81,2026-08-01
807,110.71,2026-08-01
808,37.16,2026-08-01
809,153.92249999999999,2026-08-01
810,597.9825,2026-08-01
811,106.79,2026-08-01
812,36.78,2026-08-01
813,48.3075,2026-08-01
814,0.0,2026-08-01
815,441.02250000000004,2026-08-01
816,417.105,2026-08-01
817,0.0,2026-08-01
818,176.82750000000001,2026-08-01
819,117.4725,2026-08-01
820,393.9525,2026-08-01
821,0.0,2026-08-01
822,0.0,2026-08-01
823,0.0,2026-08-01
824,617.76,2026-08-01
825,159.48,2026-08-01
826,34.84,2026-08-01
827,432.54,2026-08-01
828,150.07500000000002,2026-08-01
829,456.2325,2026-08-01
830,0.0,2026-08-01
831,58.17,2026-08-01
832,106.83000000000001,2026-08-01
833,87.03,2026-08-01
834,31.58,2026-08-01
835,66.91,2026-08-01
836,178.13249999999996,2026-08-01
837,212.13,2026-08-01
838,199.2375,2026-08-01
839,79.03,2026-08-01
840,0.0,2026-08-01
841,555.9525,2026-08-01
842,431.7075,2026-08-01
843,229.41,2026-08-01
844,0.0,2026-08-01
845,83.9,2026-08-01
846,0.0,2026-08-01
847,167.51250000000002,2026-08-01
848,497.09250000000003,2026-08-01
849,133.875,2026-08-01
850,95.72,2026-08-01
851,77.715,2026-08-01
852,177.3225,2026-08-01
853,654.93,2026-08-01
854,370.30499999999995,2026-08-01
855,560.88,2026-08-01
856,258.77250000000004,2026-08-01
857,372.12749999999994,2026-08-01
858,0.0,2026-08-01
859,475.49249999999995,2026-08-01
860,414.38250000000005,2026-08-01
861,38.88,2026-08-01
862,128.79,2026-08-01
863,0.0,2026-08-01
864,0.0,2026-08-01
865,0.0,2026-08-01
866,5.08,2026-08-01
867,299.2275,2026-08-01
868,333.135,2026-08-01
869,397.28249999999997,2026-08-01
870,0.0,2026-08-01
871,373.23,2026-08-01
872,14.29,2026-08-01
873,115.155,2026-08-01
874,107.4375,2026-08-01
875,4.02,2026-08-01
876,206.1,2026-08-01
877,524.16,2026-08-01
878,438.1425,2026-08-01
879,33.19,2026-08-01
880,78.795,2026-08-01
881,0.0,2026-08-01
882,197.37,2026-08-01
883,53.91,2026-08-01
884,178.15500000000003,2026-08-01
885,5.24,2026-08-01
886,25.99,2026-08-01
887,27.89,2026-08-01
888,120.01500000000001,2026-08-01
889,0.0,2026-08-01
890,0.0,2026-08-01
891,49.6,2026-08-01
892,267.5925,2026-08-01
893,172.4625,2026-08-01
894,208.07,2026-08-01
895,386.415,2026-08-01
896,651.5775,2026-08-01
897,19.85,2026-08-01
898,9.13,2026-08-01
899,6.55,2026-08-01
900,243.99,2026-08-01
901,0.0,2026-08-01
902,0.0,2026-08-01
903,401.85,2026-08-01
904,0.0,2026-08-01
905,117.81,2026-08-01
906,83.7,2026-08-01
907,0.0,2026-08-01
908,22.86,2026-08-01
909,11.14,2026-08-01
910,63.08,2026-08-01
911,198.92249999999999,2026-08-01
912,140.04,2026-08-01
913,151.2675,2026-08-01
914,167.71499999999997,2026-08-01
915,10.2,2026-08-01
916,48.9825,2026-08-01
917,107.70750000000001,2026-08-01
918,713.52,2026-08-01
919,0.0,2026-08-01
920,612.99,2026-08-01
921,79.2225,2026-08-01
922,168.74,2026-08-01
923,173.35,2026-08-01
924,175.9725,2026-08-01
925,0.0,2026-08-01
926,252.4275,2026-08-01
927,164.8575,2026-08-01
928,331.11,2026-08-01
929,161.505,2026-08-01
930,28.58,2026-08-01
931,334.485,2026-08-01
932,37.94,2026-08-01
933,611.1,2026-08-01
934,82.94,2026-08-01
935,12.52,2026-08-01
936,217.19250000000002,2026-08-01
937,20.48,2026-08-01
938,138.6,2026-08-01
939,92.88,2026-08-01
940,0.0,2026-08-01
941,601.155,2026-08-01
942,8.04,2026-08-01
943,779.9399999999999,2026-08-01
944,94.47749999999999,2026-08-01
945,316.51,2026-08-01
946,378.2025,2026-08-01
947,532.0575,2026-08-01
948,0.0,2026-08-01
949,83.51,2026-08-01
950,373.0725,2026-08-01
951,349.62749999999994,2026-08-01
952,686.0250000000001,2026-08-01
953,1040.4225000000001,2026-08-01
954,71.61749999999999,2026-08-01
955,468.2925,2026-08-01
956,970.7175,2026-08-01
957,0.0,2026-08-01
958,335.925,2026-08-01
959,20.23,2026-08-01
960,283.9275,2026-08-01
961,151.18,2026-08-01
962,73.13,2026-08-01
963,116.72999999999999,2026-08-01
964,39.49,2026-08-01
965,381.3975,2026-08-01
966,19.8,2026-08-01
967,746.7075,2026-08-01
968,479.87999999999994,2026-08-01
969,750.195,2026-08-01
970,124.49,2026-08-01
971,120.55,2026-08-01
972,174.8025,2026-08-01
973,382.23,2026-08-01
974,144.18,2026-08-01
975,0.0,2026-08-01
976,150.4125,2026-08-01
977,172.98,2026-08-01
978,513.8775,2026-08-01
979,304.1775,2026-08-01
980,0.0,2026-08-01
981,122.45,2026-08-01
982,826.965,2026-08-01
983,220.61249999999998,2026-08-01
984,537.5925,2026-08-01
985,224.34750000000003,2026-08-01
986,189.5175,2026-08-01
987,251.775,2026-08-01
988,603.225,2026-08-01
989,13.68,2026-08-01
990,70.92,2026-08-01
991,0.0,2026-08-01
992,0.0,2026-08-01
993,356.40000000000003,2026-08-01
994,72.54,2026-08-01
995,0.0,2026-08-01
996,253.6875,2026-08-01
997,365.4225,2026-08-01
998,123.8625,2026-08-01
999,13.22,2026-08-01
1000,48.34,2026-08-01
1001,159.90749999999997,2026-08-01
1002,547.83,2026-08-01
1003,127.6425,2026-08-01
1004,194.1975,2026-08-01
1005,0.0,2026-08-01
1006,304.56000000000006,2026-08-01
1007,510.52500000000003,2026-08-01
1008,574.4025,2026-08-01
1009,14.57,2026-08-01
1010,60.615,2026-08-01
1011,322.965,2026-08-01
1012,14.08,2026-08-01
1013,478.98,2026-08-01
1014,84.49,2026-08-01
1015,255.4425,2026-08-01
1016,653.6475,2026-08-01
1017,91.53,2026-08-01
1018,0.0,2026-08-01
1019,0.0,2026-08-01
1020,0.0,2026-08-01
1021,19.01,2026-08-01
1022,0.0,2026-08-01
1023,667.98,2026-08-01
1024,24.9,2026-08-01
1025,66.24,2026-08-01
1026,0.0,2026-08-01
1027,0.0,2026-08-01
1028,210.77999999999997,2026-08-01
1029,34.99,2026-08-01
1030,18.08,2026-08-01
1031,118.45,2026-08-01
1032,78.52499999999999,2026-08-01
1033,620.28,2026-08-01
1034,407.56499999999994,2026-08-01
1035,239.6475,2026-08-01
1036,138.0825,2026-08-01
1037,0.0,2026-08-01
1038,15.92,2026-08-01
1039,6.41,2026-08-01
1040,11.2,2026-08-01
1041,296.01,2026-08-01
1042,30.11,2026-08-01
1043,73.89,2026-08-01
1044,0.0,2026-08-01
1045,349.11,2026-08-01
1046,0.0,2026-08-01
1047,91.93,2026-08-01
1048,0.0,2026-08-01
1049,210.3525,2026-08-01
1050,0.0,2026-08-01
1051,147.8925,2026-08-01
1052,277.4925,2026-08-01
1053,250.56000000000003,2026-08-01
1054,7.8,2026-08-01
1055,183.84750000000003,2026-08-01
1056,548.7524999999999,2026-08-01
1057,288.8325,2026-08-01
1058,0.0,2026-08-01
1059,0.0,2026-08-01
1060,238.7925,2026-08-01
1061,946.2599999999999,2026-08-01
1062,599.9849999999999,2026-08-01
1063,195.14249999999998,2026-08-01
1064,0.0,2026-08-01
1065,146.55,2026-08-01
1066,510.615,2026-08-01
1067,332.95500000000004,2026-08-01
1068,83.61,2026-08-01
1069,166.1625,2026-08-01
1070,81.22,2026-08-01
1071,5.89,2026-08-01
1072,45.76,2026-08-01
1073,940.275,2026-08-01
1074,42.67,2026-08-01
1075,386.37,2026-08-01
1076,87.1875,2026-08-01
1077,139.04999999999998,2026-08-01
1078,331.4475,2026-08-01
1079,478.53,2026-08-01
1080,0.0,2026-08-01
1081,99.1125,2026-08-01
1082,919.5525,2026-08-01
1083,217.7775,2026-08-01
1084,203.01749999999998,2026-08-01
1085,1656.855,2026-08-01
1086,588.915,2026-08-01
1087,9.6,2026-08-01
1088,924.8625000000001,2026-08-01
1089,69.89,2026-08-01
1090,144.6,2026-08-01
1091,213.8175,2026-08-01
1092,416.7,2026-08-01
1093,111.87,2026-08-01
1094,69.54750000000001,2026-08-01
1095,146.70000000000002,2026-08-01
1096,62.572500000000005,2026-08-01
1097,35.6,2026-08-01
1098,1028.2725,2026-08-01
1099,4.72,2026-08-01
1100,0.0,2026-08-01
1101,383.76,2026-08-01
1102,206.59500000000003,2026-08-01
1103,69.88,2026-08-01
1104,279.17999999999995,2026-08-01
1105,84.2175,2026-08-01
1106,389.385,2026-08-01
1107,276.72749999999996,2026-08-01
1108,107.77499999999999,2026-08-01
1109,15.68,2026-08-01
1110,0.0,2026-08-01
1111,0.0,2026-08-01
1112,449.07749999999993,2026-08-01
1113,0.0,2026-08-01
1114,349.9425,2026-08-01
1115,241.64999999999998,2026-08-01
1116,85.71,2026-08-01
1117,5.81,2026-08-01
1118,21.13,2026-08-01
1119,9.28,2026-08-01
1120,83.45,2026-08-01
1121,0.0,2026-08-01
1122,11.95,2026-08-01
1123,0.0,2026-08-01
1124,345.825,2026-08-01
1125,549.9225,2026-08-01
1126,174.195,2026-08-01
1127,94.14000000000001,2026-08-01
1128,216.8325,2026-08-01
1129,99.76500000000001,2026-08-01
1130,411.21,2026-08-01
1131,14.42,2026-08-01
1132,398.40749999999997,2026-08-01
1133,565.0649999999999,2026-08-01
1134,389.09250000000003,2026-08-01
1135,16.47,2026-08-01
1136,0.0,2026-08-01
1137,121.7475,2026-08-01
1138,37.14,2026-08-01
1139,189.45000000000002,2026-08-01
1140,250.64999999999998,2026-08-01
1141,279.315,2026-08-01
1142,290.02500000000003,2026-08-01
1143,845.1899999999999,2026-08-01
1144,275.8275,2026-08-01
1145,302.8275,2026-08-01
1146,0.0,2026-08-01
1147,126.94500000000001,2026-08-01
1148,253.6875,2026-08-01
1149,382.77,2026-08-01
1150,0.0,2026-08-01
1151,284.49,2026-08-01
1152,56.43,2026-08-01
1153,136.305,2026-08-01
1154,659.1825000000001,2026-08-01
1155,40.26,2026-08-01
1156,206.04,2026-08-01
1157,101.1375,2026-08-01
1158,248.64749999999998,2026-08-01
1159,1333.4624999999999,2026-08-01
1160,0.0,2026-08-01
1161,254.25,2026-08-01
1162,200.115,2026-08-01
1163,430.965,2026-08-01
1164,0.0,2026-08-01
1165,333.24750000000006,2026-08-01
1166,88.7175,2026-08-01
1167,324.2925,2026-08-01
1168,25.55,2026-08-01
1169,394.425,2026-08-01
1170,464.01750000000004,2026-08-01
1171,219.35250000000002,2026-08-01
1172,566.1,2026-08-01
1173,270.5175,2026-08-01
1174,42.7,2026-08-01
1175,73.91250000000001,2026-08-01
1176,311.9625,2026-08-01
1177,289.2375,2026-08-01
1178,0.0,2026-08-01
1179,100.0125,2026-08-01
1180,0.0,2026-08-01
1181,114.21,2026-08-01
1182,613.4175,2026-08-01
1183,0.0,2026-08-01
1184,599.085,2026-08-01
1185,0.0,2026-08-01
1186,32.29,2026-08-01
1187,0.0,2026-08-01
1188,291.14,2026-08-01
1189,216.2475,2026-08-01
1190,0.0,2026-08-01
1191,234.35999999999999,2026-08-01
1192,478.75499999999994,2026-08-01
1193,25.91,2026-08-01
1194,56.28,2026-08-01
1195,0.0,2026-08-01
1196,1367.5949999999998,2026-08-01
1197,695.9250000000001,2026-08-01
1198,143.19,2026-08-01
1199,210.105,2026-08-01
1200,130.95000000000002,2026-08-01
1201,110.115,2026-08-01
1202,98.70750000000001,2026-08-01
1203,370.93500000000006,2026-08-01
1204,24.85,2026-08-01
1205,514.7325,2026-08-01
1206,0.0,2026-08-01
1207,24.974999999999998,2026-08-01
1208,42.58,2026-08-01
1209,239.1975,2026-08-01
1210,445.72499999999997,2026-08-01
1211,246.6675,2026-08-01
1212,0.0,2026-08-01
1213,239.17499999999998,2026-08-01
1214,232.2225,2026-08-01
1215,0.0,2026-08-01
1216,0.0,2026-08-01
1217,510.21,2026-08-01
1218,0.0,2026-08-01
1219,732.2624999999999,2026-08-01
1220,335.61000000000007,2026-08-01
1221,33.77,2026-08-01
1222,349.515,2026-08-01
1223,566.0325,2026-08-01
1224,322.8975,2026-08-01
1225,12.52,2026-08-01
1226,169.6275,2026-08-01
1227,136.3725,2026-08-01
1228,346.5,2026-08-01
1229,322.425,2026-08-01
1230,32.9625,2026-08-01
1231,194.60250000000002,2026-08-01
1232,0.0,2026-08-01
1233,304.02,2026-08-01
1234,30.35,2026-08-01
1235,0.0,2026-08-01
1236,53.9325,2026-08-01
1237,56.08,2026-08-01
1238,150.39000000000001,2026-08-01
1239,0.0,2026-08-01
1240,643.275,2026-08-01
1241,142.155,2026-08-01
1242,315.24750000000006,2026-08-01
1243,708.975,2026-08-01
1244,73.48500000000001,2026-08-01
1245,0.0,2026-08-01
1246,199.28249999999997,2026-08-01
1247,206.2575,2026-08-01
1248,488.3175,2026-08-01
1249,80.08,2026-08-01
1250,270.135,2026-08-01
1251,8.88,2026-08-01
1252,170.4825,2026-08-01
1253,481.5,2026-08-01
1254,1597.0275,2026-08-01
1255,750.7349999999999,2026-08-01
1256,49.94,2026-08-01
1257,1358.955,2026-08-01
1258,259.245,2026-08-01
1259,253.77749999999997,2026-08-01
1260,119.46,2026-08-01
1261,431.09999999999997,2026-08-01
1262,37.7,2026-08-01
1263,451.86749999999995,2026-08-01
1264,154.44,2026-08-01
1265,22.41,2026-08-01
1266,0.0,2026-08-01
1267,630.72,2026-08-01
1268,0.0,2026-08-01
1269,152.6625,2026-08-01
1270,491.67,2026-08-01
1271,326.2725,2026-08-01
1272,0.0,2026-08-01
1273,272.0475,2026-08-01
1274,408.96,2026-08-01
1275,566.1675,2026-08-01
1276,178.96499999999997,2026-08-01
1277,267.3,2026-08-01
1278,0.0,2026-08-01
1279,0.0,2026-08-01
1280,985.9725,2026-08-01
1281,255.375,2026-08-01
1282,361.5525,2026-08-01
1283,8.28,2026-08-01
1284,354.4875,2026-08-01
1285,438.4575,2026-08-01
1286,410.715,2026-08-01
1287,0.0,2026-08-01
1288,844.605,2026-08-01
1289,259.875,2026-08-01
1290,298.6875,2026-08-01
1291,26.5,2026-08-01
1292,259.3575,2026-08-01
1293,507.825,2026-08-01
1294,0.0,2026-08-01
1295,0.0,2026-08-01
1296,303.8175,2026-08-01
1297,61.334999999999994,2026-08-01
1298,0.0,2026-08-01
1299,349.4925,2026-08-01
1300,88.01,2026-08-01
1301,166.77,2026-08-01
1302,510.03000000000003,2026-08-01
1303,17.8,2026-08-01
1304,193.0,2026-08-01
1305,0.0,2026-08-01
1306,20.98,2026-08-01
1307,0.0,2026-08-01
1308,208.6875,2026-08-01
1309,153.28,2026-08-01
1310,529.8525,2026-08-01
1311,781.6274999999999,2026-08-01
1312,143.23499999999999,2026-08-01
1313,18.09,2026-08-01
1314,326.34000000000003,2026-08-01
1315,34.36,2026-08-01
1316,48.49,2026-08-01
1317,0.0,2026-08-01
1318,9.84,2026-08-01
1319,597.8475,2026-08-01
1320,136.79999999999998,2026-08-01
1321,0.0,2026-08-01
1322,321.6375,2026-08-01
1323,0.0,2026-08-01
1324,164.205,2026-08-01
1325,31.49,2026-08-01
1326,649.2825,2026-08-01
1327,0.0,2026-08-01
1328,0.0,2026-08-01
1329,84.71249999999999,2026-08-01
1330,190.9125,2026-08-01
1331,709.1999999999999,2026-08-01
1332,73.845,2026-08-01
1333,644.5574999999999,2026-08-01
1334,79.35,2026-08-01
1335,10.27,2026-08-01
1336,319.86000000000007,2026-08-01
1337,109.98,2026-08-01
1338,67.94,2026-08-01
1339,333.15749999999997,2026-08-01
1340,333.585,2026-08-01
1341,413.01,2026-08-01
1342,225.8775,2026-08-01
1343,0.0,2026-08-01
1344,187.9425,2026-08-01
1345,1252.035,2026-08-01
1346,82.75,2026-08-01
1347,21.14,2026-08-01
1348,20.17,2026-08-01
1349,817.5375,2026-08-01
1350,7.81,2026-08-01
1351,16.83,2026-08-01
1352,0.0,2026-08-01
1353,0.0,2026-08-01
1354,0.0,2026-08-01
1355,233.5275,2026-08-01
1356,662.1750000000001,2026-08-01
1357,44.73,2026-08-01
1358,425.5425,2026-08-01
1359,64.845,2026-08-01
1360,54.652499999999996,2026-08-01
1361,8.65,2026-08-01
1362,64.39,2026-08-01
1363,307.81,2026-08-01
1364,202.8375,2026-08-01
1365,265.7925,2026-08-01
1366,13.42,2026-08-01
1367,340.62750000000005,2026-08-01
1368,154.9,2026-08-01
1369,536.895,2026-08-01
1370,308.58750000000003,2026-08-01
1371,86.80499999999999,2026-08-01
1372,392.085,2026-08-01
1373,284.85,2026-08-01
1374,114.53,2026-08-01
1375,0.0,2026-08-01
1376,213.23250000000002,2026-08-01
1377,397.6875,2026-08-01
1378,0.0,2026-08-01
1379,308.25,2026-08-01
1380,566.415,2026-08-01
1381,816.9074999999998,2026-08-01
1382,0.0,2026-08-01
1383,338.40000000000003,2026-08-01
1384,228.1275,2026-08-01
1385,438.705,2026-08-01
1386,101.36250000000001,2026-08-01
1387,533.4525000000001,2026-08-01
1388,47.45,2026-08-01
1389,753.6825000000001,2026-08-01
1390,500.46750000000003,2026-08-01
1391,17.9,2026-08-01
1392,397.32749999999993,2026-08-01
1393,65.745,2026-08-01
1394,358.71750000000003,2026-08-01
1395,133.695,2026-08-01
1396,0.0,2026-08-01
1397,25.19,2026-08-01
1398,0.0,2026-08-01
1399,6.16,2026-08-01
1400,59.04,2026-08-01
1401,173.4975,2026-08-01
1402,741.4875000000001,2026-08-01
1403,558.9225,2026-08-01
1404,36.89,2026-08-01
1405,264.825,2026-08-01
1406,22.22,2026-08-01
1407,179.7525,2026-08-01
1408,406.8,2026-08-01
1409,0.0,2026-08-01
1410,401.19749999999993,2026-08-01
1411,213.48,2026-08-01
1412,261.78749999999997,2026-08-01
1413,130.71,2026-08-01
1414,305.59499999999997,2026-08-01
1415,7.85,2026-08-01
1416,841.8375,2026-08-01
1417,203.1975,2026-08-01
1418,772.0875,2026-08-01
1419,196.38,2026-08-01
1420,8.84,2026-08-01
1421,35.25,2026-08-01
1422,0.0,2026-08-01
1423,13.16,2026-08-01
1424,395.325,2026-08-01
1425,31.45,2026-08-01
1426,128.1825,2026-08-01
1427,710.3925,2026-08-01
1428,13.26,2026-08-01
1429,719.685,2026-08-01
1430,108.72,2026-08-01
1431,344.58750000000003,2026-08-01
1432,232.335,2026-08-01
1433,186.89,2026-08-01
1434,134.955,2026-08-01
1435,182.97000000000003,2026-08-01
1436,128.2275,2026-08-01
1437,44.07,2026-08-01
1438,15.06,2026-08-01
1439,50.10750000000001,2026-08-01
1440,52.93,2026-08-01
1441,82.46249999999999,2026-08-01
1442,23.82,2026-08-01
1443,1413.2475,2026-08-01
1444,0.0,2026-08-01
1445,0.0,2026-08-01
1446,19.2,2026-08-01
1447,301.7025,2026-08-01
1448,259.425,2026-08-01
1449,258.09749999999997,2026-08-01
1450,29.9,2026-08-01
1451,72.51,2026-08-01
1452,0.0,2026-08-01
1453,0.0,2026-08-01
1454,577.4399999999999,2026-08-01
1455,383.715,2026-08-01
1456,786.51,2026-08-01
1457,475.2,2026-08-01
1458,6.54,2026-08-01
1459,37.9,2026-08-01
1460,404.75250000000005,2026-08-01
1461,286.785,2026-08-01
1462,513.4499999999999,2026-08-01
1463,42.4,2026-08-01
1464,226.4625,2026-08-01
1465,0.0,2026-08-01
1466,362.16,2026-08-01
1467,39.0375,2026-08-01
1468,527.085,2026-08-01
1469,0.0,2026-08-01
1470,172.9575,2026-08-01
1471,1219.9725,2026-08-01
1472,0.0,2026-08-01
1473,1027.125,2026-08-01
1474,22.61,2026-08-01
1475,212.625,2026-08-01
1476,514.8675000000001,2026-08-01
1477,72.5175,2026-08-01
1478,35.6,2026-08-01
1479,245.70000000000002,2026-08-01
1480,732.42,2026-08-01
1481,123.39000000000001,2026-08-01
1482,0.0,2026-08-01
1483,300.06000000000006,2026-08-01
1484,0.0,2026-08-01
1485,338.44500000000005,2026-08-01
1486,168.90749999999997,2026-08-01
1487,0.0,2026-08-01
1488,32.02,2026-08-01
1489,0.0,2026-08-01
1490,399.71250000000003,2026-08-01
1491,238.7475,2026-08-01
1492,116.23499999999999,2026-08-01
1493,0.0,2026-08-01
1494,29.27,2026-08-01
1495,181.44,2026-08-01
1496,654.6825000000001,2026-08-01
1497,307.1025,2026-08-01
1498,512.505,2026-08-01
1499,359.61749999999995,2026-08-01
1500,0.0,2026-08-01
