customer_id,return_rate_90d,as_of_date
1,0.0,2026-08-01
2,0.0,2026-08-01
3,0.0,2026-08-01
4,0.0,2026-08-01
5,0.0,2026-08-01
6,0.0,2026-08-01
7,0.0,2026-08-01
8,0.25,2026-08-01
9,0.0,2026-08-01
10,0.3333333333333333,2026-08-01
11,0.0,2026-08-01
12,0.3333333333333333,2026-08-01
13,0.0,2026-08-01
14,0.0,2026-08-01
15,0.0,2026-08-01
16,0.0,2026-08-01
17,0.0,2026-08-01
18,0.0,2026-08-01
19,0.0,2026-08-01
20,0.0,2026-08-01
21,0.5,2026-08-01
22,0.0,2026-08-01
23,0.0,2026-08-01
24,0.0,2026-08-01
25,0.0,2026-08-01
26,0.0,2026-08-01
27,0.0,2026-08-01
28,0.0,2026-08-01
29,0.0,2026-08-01
30,0.0,2026-08-01
31,0.0,2026-08-01
32,0.0,2026-08-01
33,0.0,2026-08-01
34,0.0,2026-08-01
35,0.0,2026-08-01
36,0.0,2026-08-01
37,0.0,2026-08-01
38,0.0,2026-08-01
39,0.0,2026-08-01
40,0.0,2026-08-01
41,0.0,2026-08-01
42,0.3333333333333333,2026-08-01
43,0.3333333333333333,2026-08-01
44,0.0,2026-08-01
45,0.0,2026-08-01
46,0.0,2026-08-01
47,0.0,2026-08-01
48,0.0,2026-08-01
49,0.0,2026-08-01
50,0.0,2026-08-01
51,0.0,2026-08-01
52,0.0,2026-08-01
53,0.0,2026-08-01
54,0.0,2026-08-01
55,0.14285714285714285,2026-08-01
56,0.0,2026-08-01
57,0.25,2026-08-01
58,0.0,2026-08-01
59,0.0,2026-08-01
60,0.3333333333333333,2026-08-01
61,0.0,2026-08-01
62,0.0,2026-08-01
63,1.0,2026-08-01
64,0.0,2026-08-01
65,0.0,2026-08-01
66,0.0,2026-08-01
67,0.0,2026-08-01
68,0.0,2026-08-01
69,0.0,2026-08-01
70,0.0,2026-08-01
71,0.0,2026-08-01
72,0.25,2026-08-01
73,0.0,2026-08-01
74,0.0,2026-08-01
75,0.0,2026-08-01
76,0.0,2026-08-01
77,0.0,2026-08-01
78,0.25,2026-08-01
79,0.0,2026-08-01
80,0.0,2026-08-01
81,0.0,2026-08-01
82,0.0,2026-08-01
83,0.0,2026-08-01
84,0.0,2026-08-01
85,0.0,2026-08-01
86,0.0,2026-08-01
87,0.0,2026-08-01
88,0.5,2026-08-01
89,0.0,2026-08-01
90,0.0,2026-08-01
91,0.0,2026-08-01
92,0.0,2026-08-01
93,0.0,2026-08-01
94,0.0,2026-08-01
95,0.0,2026-08-01
96,0.2,2026-08-01
97,0.0,2026-08-01
98,0.0,2026-08-01
99,0.3333333333333333,2026-08-01
100,0.0,2026-08-01
101,0.0,2026-08-01
102,0.0,2026-08-01
103,0.0,2026-08-01
104,0.0,2026-08-01
105,0.0,2026-08-01
106,0.3333333333333333,2026-08-01
107,0.0,2026-08-01
108,0.0,2026-08-01
109,0.0,2026-08-01
110,1.0,2026-08-01
111,0.0,2026-08-01
112,0.3333333333333333,2026-08-01
113,0.0,2026-08-01
114,0.0,2026-08-01
115,0.0,2026-08-01
116,0.0,2026-08-01
117,0.0,2026-08-01
118,0.5,2026-08-01
119,0.0,2026-08-01
120,0.0,2026-08-01
121,0.0,2026-08-01
122,0.0,2026-08-01
123,0.0,2026-08-01
124,0.0,2026-08-01
125,0.0,2026-08-01
126,0.0,2026-08-01
127,0.0,2026-08-01
128,0.0,2026-08-01
129,0.0,2026-08-01
130,0.0,2026-08-01
131,0.125,2026-08-01
132,0.0,2026-08-01
133,0.0,2026-08-01
134,0.0,2026-08-01
135,0.0,2026-08-01
136,0.0,2026-08-01
137,0.0,2026-08-01
138,0.0,2026-08-01
139,0.0,2026-08-01
140,0.6666666666666666,2026-08-01
141,0.0,2026-08-01
142,0.0,2026-08-01
143,0.0,2026-08-01
144,0.2,2026-08-01
145,0.0,2026-08-01
146,0.0,2026-08-01
147,0.0,2026-08-01
148,0.0,2026-08-01
149,0.3333333333333333,2026-08-01
150,0.0,2026-08-01
151,0.0,2026-08-01
152,0.0,2026-08-01
153,0.0,2026-08-01
154,0.0,2026-08-01
155,0.3333333333333333,2026-08-01
156,0.0,2026-08-01
157,0.16666666666666666,2026-08-01
158,0.0,2026-08-01
159,0.0,2026-08-01
160,0.0,2026-08-01
161,0.0,2026-08-01
162,0.0,2026-08-01
163,0.0,2026-08-01
164,0.0,2026-08-01
165,0.0,2026-08-01
166,0.0,2026-08-01
167,0.0,2026-08-01
168,0.0,2026-08-01
169,0.0,2026-08-01
170,0.0,2026-08-01
171,0.0,2026-08-01
172,0.0,2026-08-01
173,0.16666666666666666,2026-08-01
174,0.5,2026-08-01
175,0.0,2026-08-01
176,0.0,2026-08-01
177,0.0,2026-08-01
178,0.0,2026-08-01
179,0.0,2026-08-01
180,0.0,2026-08-01
181,0.0,2026-08-01
182,0.0,2026-08-01
183,0.0,2026-08-01
184,0.5,2026-08-01
185,0.0,2026-08-01
186,0.3333333333333333,2026-08-01
187,0.0,2026-08-01
188,0.0,2026-08-01
189,0.0,2026-08-01
190,0.0,2026-08-01
191,0.0,2026-08-01
192,0.25,2026-08-01
193,0.0,2026-08-01
194,0.0,2026-08-01
195,0.0,2026-08-01
196,0.0,2026-08-01
197,0.0,2026-08-01
198,0.0,2026-08-01
199,0.25,2026-08-01
200,0.0,2026-08-01
201,0.0,2026-08-01
202,0.0,2026-08-01
203,0.0,2026-08-01
204,0.0,2026-08-01
205,0.0,2026-08-01
206,1.0,2026-08-01
207,0.0,2026-08-01
208,0.0,2026-08-01
209,0.0,2026-08-01
210,0.0,2026-08-01
211,0.0,2026-08-01
212,0.2,2026-08-01
213,0.0,2026-08-01
214,0.0,2026-08-01
215,0.0,2026-08-01
216,0.0,2026-08-01
217,0.0,2026-08-01
218,0.0,2026-08-01
219,0.0,2026-08-01
220,0.0,2026-08-01
221,0.0,2026-08-01
222,0.0,2026-08-01
223,0.0,2026-08-01
224,0.0,2026-08-01
225,0.0,2026-08-01
226,0.0,2026-08-01
227,0.0,2026-08-01
228,0.0,2026-08-01
229,0.0,2026-08-01
230,0.0,2026-08-01
231,0.0,2026-08-01
232,0.0,2026-08-01
233,0.0,2026-08-01
234,0.3333333333333333,2026-08-01
235,0.5,2026-08-01
236,0.14285714285714285,2026-08-01
237,0.0,2026-08-01
238,0.5,2026-08-01
239,0.25,2026-08-01
240,0.0,2026-08-01
241,0.0,2026-08-01
242,0.0,2026-08-01
243,0.0,2026-08-01
244,0.0,2026-08-01
245,0.16666666666666666,2026-08-01
246,0.0,2026-08-01
247,0.0,2026-08-01
248,0.0,2026-08-01
249,0.0,2026-08-01
250,0.0,2026-08-01
251,0.0,2026-08-01
252,0.0,2026-08-01
253,0.0,2026-08-01
254,0.0,2026-08-01
255,0.0,2026-08-01
256,0.0,2026-08-01
257,0.0,2026-08-01
258,0.0,2026-08-01
259,0.0,2026-08-01
260,0.0,2026-08-01
261,0.09090909090909091,2026-08-01
262,0.0,2026-08-01
263,0.0,2026-08-01
264,0.3333333333333333,2026-08-01
265,0.0,2026-08-01
266,0.0,2026-08-01
267,0.0,2026-08-01
268,0.0,2026-08-01
269,0.0,2026-08-01
270,0.0,2026-08-01
271,0.5,2026-08-01
272,0.0,2026-08-01
273,0.3333333333333333,2026-08-01
274,0.0,2026-08-01
275,0.0,2026-08-01
276,0.0,2026-08-01
277,0.0,2026-08-01
278,0.0,2026-08-01
279,0.0,2026-08-01
280,0.0,2026-08-01
281,0.0,2026-08-01
282,0.0,2026-08-01
283,0.0,2026-08-01
284,0.0,2026-08-01
285,0.0,2026-08-01
286,0.0,2026-08-01
287,0.0,2026-08-01
288,0.0,2026-08-01
289,0.0,2026-08-01
290,0.0,2026-08-01
291,0.0,2026-08-01
292,0.0,2026-08-01
293,0.0,2026-08-01
294,0.0,2026-08-01
295,0.0,2026-08-01
296,0.0,2026-08-01
297,0.0,2026-08-01
298,0.0,2026-08-01
299,0.0,2026-08-01
300,0.0,2026-08-01
301,0.0,2026-08-01
302,0.0,2026-08-01
303,0.0,2026-08-01
304,0.0,2026-08-01
305,0.0,2026-08-01
306,0.0,2026-08-01
307,0.0,2026-08-01
308,0.0,2026-08-01
309,0.0,2026-08-01
310,0.0,2026-08-01
311,0.0,2026-08-01
312,0.0,2026-08-01
313,0.0,2026-08-01
314,0.0,2026-08-01
315,0.0,2026-08-01
316,0.3333333333333333,2026-08-01
317,0.0,2026-08-01
318,0.0,2026-08-01
319,0.0,2026-08-01
320,0.0,2026-08-01
321,0.0,2026-08-01
322,0.0,2026-08-01
323,0.0,2026-08-01
324,0.0,2026-08-01
325,0.0,2026-08-01
326,1.0,2026-08-01
327,0.0,2026-08-01
328,0.0,2026-08-01
329,0.0,2026-08-01
330,0.0,2026-08-01
331,0.0,2026-08-01
332,0.0,2026-08-01
333,0.0,2026-08-01
334,0.0,2026-08-01
335,0.0,2026-08-01
336,0.0,2026-08-01
337,0.0,2026-08-01
338,0.0,2026-08-01
339,0.0,2026-08-01
340,1.0,2026-08-01
341,0.0,2026-08-01
342,0.0,2026-08-01
343,0.0,2026-08-01
344,0.25,2026-08-01
345,0.0,2026-08-01
346,0.0,2026-08-01
347,0.3333333333333333,2026-08-01
348,0.3333333333333333,2026-08-01
349,0.0,2026-08-01
350,0.0,2026-08-01
351,0.0,2026-08-01
352,0.5,2026-08-01
353,0.0,2026-08-01
354,0.0,2026-08-01
355,0.0,2026-08-01
356,0.2,2026-08-01
357,0.0,2026-08-01
358,0.0,2026-08-01
359,0.0,2026-08-01
360,0.0,2026-08-01
361,0.0,2026-08-01
362,0.0,2026-08-01
363,0.0,2026-08-01
364,0.0,2026-08-01
365,0.0,2026-08-01
366,0.0,2026-08-01
367,0.0,2026-08-01
368,0.0,2026-08-01
369,0.0,2026-08-01
370,0.0,2026-08-01
371,0.0,2026-08-01
372,0.0,2026-08-01
373,0.0,2026-08-01
374,0.0,2026-08-01
375,0.0,2026-08-01
376,0.0,2026-08-01
377,0.0,2026-08-01
378,0.5,2026-08-01
379,0.0,2026-08-01
380,0.0,2026-08-01
381,0.0,2026-08-01
382,0.0,2026-08-01
383,0.0,2026-08-01
384,0.0,2026-08-01
385,0.0,2026-08-01
386,0.0,2026-08-01
387,0.0,2026-08-01
388,0.0,2026-08-01
389,0.0,2026-08-01
390,0.0,2026-08-01
391,0.0,2026-08-01
392,0.0,2026-08-01
393,0.25,2026-08-01
394,0.0,2026-08-01
395,0.0,2026-08-01
396,0.3333333333333333,2026-08-01
397,0.0,2026-08-01
398,0.0,2026-08-01
399,0.0,2026-08-01
400,0.0,2026-08-01
401,0.0,2026-08-01
402,0.0,2026-08-01
403,0.0,2026-08-01
404,0.0,2026-08-01
405,0.0,2026-08-01
406,0.0,2026-08-01
407,0.0,2026-08-01
408,0.0,2026-08-01
409,0.0,2026-08-01
410,0.0,2026-08-01
411,0.0,2026-08-01
412,0.0,2026-08-01
413,0.0,2026-08-01
414,0.0,2026-08-01
415,0.0,2026-08-01
416,0.0,2026-08-01
417,0.0,2026-08-01
418,0.0,2026-08-01
419,0.25,2026-08-01
420,0.0,2026-08-01
421,0.0,2026-08-01
422,0.0,2026-08-01
423,0.0,2026-08-01
424,0.0,2026-08-01
425,0.0,2026-08-01
426,0.0,2026-08-01
427,0.0,2026-08-01
428,0.0,2026-08-01
429,0.0,2026-08-01
430,0.0,2026-08-01
431,0.0,2026-08-01
432,0.0,2026-08-01
433,0.0,2026-08-01
434,0.0,2026-08-01
435,0.0,2026-08-01
436,0.0,2026-08-01
437,0.0,2026-08-01
438,0.0,2026-08-01
439,0.0,2026-08-01
440,0.0,2026-08-01
441,0.0,2026-08-01
442,0.0,2026-08-01
443,0.0,2026-08-01
444,0.0,2026-08-01
445,0.0,2026-08-01
446,0.0,2026-08-01
447,0.0,2026-08-01
448,0.0,2026-08-01
449,0.3333333333333333,2026-08-01
450,0.0,2026-08-01
451,0.0,2026-08-01
452,0.0,2026-08-01
453,0.25,2026-08-01
454,0.0,2026-08-01
455,0.0,2026-08-01
456,0.6666666666666666,2026-08-01
457,0.0,2026-08-01
458,0.0,2026-08-01
459,0.0,2026-08-01
460,0.0,2026-08-01
461,0.25,2026-08-01
462,1.0,2026-08-01
463,0.0,2026-08-01
464,0.0,2026-08-01
465,0.0,2026-08-01
466,0.0,2026-08-01
467,0.0,2026-08-01
468,0.3333333333333333,2026-08-01
469,0.0,2026-08-01
470,0.0,2026-08-01
471,0.0,2026-08-01
472,0.0,2026-08-01
473,0.16666666666666666,2026-08-01
474,0.0,2026-08-01
475,0.0,2026-08-01
476,0.0,2026-08-01
477,0.0,2026-08-01
478,0.0,2026-08-01
479,0.0,2026-08-01
480,0.0,2026-08-01
481,0.0,2026-08-01
482,0.0,2026-08-01
483,0.0,2026-08-01
484,0.0,2026-08-01
485,0.0,2026-08-01
486,0.0,2026-08-01
487,0.0,2026-08-01
488,0.0,2026-08-01
489,0.0,2026-08-01
490,0.0,2026-08-01
491,0.0,2026-08-01
492,0.0,2026-08-01
493,0.0,2026-08-01
494,0.0,2026-08-01
495,0.0,2026-08-01
496,0.2,2026-08-01
497,0.2,2026-08-01
498,0.0,2026-08-01
499,0.0,2026-08-01
500,0.0,2026-08-01
501,0.0,2026-08-01
502,0.0,2026-08-01
503,0.0,2026-08-01
504,0.0,2026-08-01
505,0.0,2026-08-01
506,0.4,2026-08-01
507,0.0,2026-08-01
508,0.0,2026-08-01
509,0.0,2026-08-01
510,0.0,2026-08-01
511,0.0,2026-08-01
512,0.0,2026-08-01
513,0.0,2026-08-01
514,0.0,2026-08-01
515,0.0,2026-08-01
516,0.0,2026-08-01
517,0.3333333333333333,2026-08-01
518,1.0,2026-08-01
519,0.0,2026-08-01
520,0.0,2026-08-01
521,0.0,2026-08-01
522,0.0,2026-08-01
523,0.0,2026-08-01
524,0.0,2026-08-01
525,0.0,2026-08-01
526,0.0,2026-08-01
527,0.0,2026-08-01
528,0.0,2026-08-01
529,0.0,2026-08-01
530,0.0,2026-08-01
531,0.0,2026-08-01
532,0.0,2026-08-01
533,0.0,2026-08-01
534,0.0,2026-08-01
535,0.0,2026-08-01
536,0.0,2026-08-01
537,0.0,2026-08-01
538,0.0,2026-08-01
539,0.0,2026-08-01
540,0.0,2026-08-01
541,0.0,2026-08-01
542,0.0,2026-08-01
543,0.0,2026-08-01
544,0.0,2026-08-01
545,0.0,2026-08-01
546,0.0,2026-08-01
547,0.0,2026-08-01
548,0.0,2026-08-01
549,0.0,2026-08-01
550,0.3333333333333333,2026-08-01
551,0.0,2026-08-01
552,0.0,2026-08-01
553,0.0,2026-08-01
554,1.0,2026-08-01
555,0.0,2026-08-01
556,0.0,2026-08-01
557,0.0,2026-08-01
558,0.0,2026-08-01
559,0.0,2026-08-01
560,0.0,2026-08-01
561,0.0,2026-08-01
562,0.0,2026-08-01
563,0.0,2026-08-01
564,0.0,2026-08-01
565,0.0,2026-08-01
566,0.0,2026-08-01
567,0.0,2026-08-01
568,0.0,2026-08-01
569,0.0,2026-08-01
570,0.0,2026-08-01
571,0.0,2026-08-01
572,0.0,2026-08-01
573,0.0,2026-08-01
574,0.0,2026-08-01
575,0.0,2026-08-01
576,0.0,2026-08-01
577,0.0,2026-08-01
578,0.0,2026-08-01
579,0.0,2026-08-01
580,0.0,2026-08-01
581,0.3333333333333333,2026-08-01
582,0.0,2026-08-01
583,0.5,2026-08-01
584,0.0,2026-08-01
585,0.0,2026-08-01
586,0.0,2026-08-01
587,0.2,2026-08-01
588,0.0,2026-08-01
589,0.0,2026-08-01
590,0.0,2026-08-01
591,0.0,2026-08-01
592,0.0,2026-08-01
593,0.0,2026-08-01
594,0.0,2026-08-01
595,0.0,2026-08-01
596,0.0,2026-08-01
597,0.0,2026-08-01
598,0.0,2026-08-01
599,0.0,2026-08-01
600,0.0,2026-08-01
601,0.0,2026-08-01
602,0.0,2026-08-01
603,0.0,2026-08-01
604,0.0,2026-08-01
605,1.0,2026-08-01
606,0.0,2026-08-01
607,0.0,2026-08-01
608,0.0,2026-08-01
609,0.0,2026-08-01
610,0.0,2026-08-01
611,0.0,2026-08-01
612,0.0,2026-08-01
613,0.0,2026-08-01
614,0.0,2026-08-01
615,0.0,2026-08-01
616,0.0,2026-08-01
617,0.0,2026-08-01
618,0.0,2026-08-01
619,0.0,2026-08-01
620,0.0,2026-08-01
621,0.0,2026-08-01
622,0.0,2026-08-01
623,0.3333333333333333,2026-08-01
624,0.0,2026-08-01
625,0.0,2026-08-01
626,0.0,2026-08-01
627,0.0,2026-08-01
628,0.0,2026-08-01
629,0.4,2026-08-01
630,0.25,2026-08-01
631,0.0,2026-08-01
632,0.0,2026-08-01
633,0.0,2026-08-01
634,0.0,2026-08-01
635,0.0,2026-08-01
636,0.0,2026-08-01
637,0.0,2026-08-01
638,0.0,2026-08-01
639,0.0,2026-08-01
640,0.0,2026-08-01
641,0.0,2026-08-01
642,0.0,2026-08-01
643,0.0,2026-08-01
644,0.0,2026-08-01
645,0.0,2026-08-01
646,0.0,2026-08-01
647,0.0,2026-08-01
648,0.0,2026-08-01
649,0.0,2026-08-01
650,0.0,2026-08-01
651,0.0,2026-08-01
652,0.25,2026-08-01
653,0.0,2026-08-01
654,0.25,2026-08-01
655,0.0,2026-08-01
656,0.0,2026-08-01
657,0.0,2026-08-01
658,0.0,2026-08-01
659,0.0,2026-08-01
660,0.0,2026-08-01
661,0.0,2026-08-01
662,0.5,2026-08-01
663,0.0,2026-08-01
664,0.0,2026-08-01
665,0.0,2026-08-01
666,0.0,2026-08-01
667,0.0,2026-08-01
668,0.0,2026-08-01
669,0.0,2026-08-01
670,0.0,2026-08-01
671,0.0,2026-08-01
672,0.0,2026-08-01
673,0.0,2026-08-01
674,0.0,2026-08-01
675,0.0,2026-08-01
676,0.0,2026-08-01
677,0.0,2026-08-01
678,0.6666666666666666,2026-08-01
679,0.0,2026-08-01
680,0.09090909090909091,2026-08-01
681,0.0,2026-08-01
682,0.0,2026-08-01
683,0.0,2026-08-01
684,0.0,2026-08-01
685,0.0,2026-08-01
686,0.0,2026-08-01
687,0.0,2026-08-01
688,0.0,2026-08-01
689,0.0,2026-08-01
690,0.0,2026-08-01
691,0.0,2026-08-01
692,0.0,2026-08-01
693,0.0,2026-08-01
694,0.0,2026-08-01
695,0.0,2026-08-01
696,0.0,2026-08-01
697,0.0,2026-08-01
698,0.0,2026-08-01
699,0.0,2026-08-01
700,0.0,2026-08-01
701,0.0,2026-08-01
702,0.0,2026-08-01
703,0.0,2026-08-01
704,0.0,2026-08-01
705,0.0,2026-08-01
706,0.0,2026-08-01
707,0.0,2026-08-01
708,0.0,2026-08-01
709,0.0,2026-08-01
710,0.0,2026-08-01
711,0.0,2026-08-01
712,0.0,2026-08-01
713,0.125,2026-08-01
714,0.0,2026-08-01
715,0.0,2026-08-01
716,0.0,2026-08-01
717,0.0,2026-08-01
718,0.0,2026-08-01
719,0.0,2026-08-01
720,0.0,2026-08-01
721,0.0,2026-08-01
722,0.0,2026-08-01
723,0.0,2026-08-01
724,0.0,2026-08-01
725,0.0,2026-08-01
726,0.0,2026-08-01
727,0.0,2026-08-01
728,0.0,2026-08-01
729,0.0,2026-08-01
730,0.0,2026-08-01
731,0.0,2026-08-01
732,0.5,2026-08-01
733,0.0,2026-08-01
734,0.0,2026-08-01
735,0.0,2026-08-01
736,0.0,2026-08-01
737,0.0,2026-08-01
738,0.0,2026-08-01
739,0.0,2026-08-01
740,0.0,2026-08-01
741,0.0,2026-08-01
742,0.0,2026-08-01
743,0.0,2026-08-01
744,0.0,2026-08-01
745,0.0,2026-08-01
746,0.0,2026-08-01
747,0.0,2026-08-01
748,0.3333333333333333,2026-08-01
749,0.0,2026-08-01
750,0.0,2026-08-01
751,0.0,2026-08-01
752,0.0,2026-08-01
753,0.0,2026-08-01
754,0.0,2026-08-01
755,0.0,2026-08-01
756,0.0,2026-08-01
757,0.0,2026-08-01
758,0.0,2026-08-01
759,0.0,2026-08-01
760,0.0,2026-08-01
761,0.0,2026-08-01
762,0.3333333333333333,2026-08-01
763,0.0,2026-08-01
764,1.0,2026-08-01
765,0.3333333333333333,2026-08-01
766,0.0,2026-08-01
767,0.0,2026-08-01
768,0.0,2026-08-01
769,0.0,2026-08-01
770,0.0,2026-08-01
771,0.0,2026-08-01
772,0.0,2026-08-01
773,0.0,2026-08-01
774,0.0,2026-08-01
775,0.0,2026-08-01
776,0.0,2026-08-01
777,0.0,2026-08-01
778,0.0,2026-08-01
779,0.25,2026-08-01
780,0.0,2026-08-01
781,0.0,2026-08-01
782,0.0,2026-08-01
783,0.0,2026-08-01
784,0.0,2026-08-01
785,0.0,2026-08-01
786,0.0,2026-08-01
787,0.0,2026-08-01
788,0.0,2026-08-01
789,0.0,2026-08-01
790,0.0,2026-08-01
791,0.0,2026-08-01
792,0.0,2026-08-01
793,0.0,2026-08-01
794,0.2,2026-08-01
795,0.0,2026-08-01
796,0.0,2026-08-01
797,0.0,2026-08-01
798,0.0,2026-08-01
799,0.0,2026-08-01
800,0.0,2026-08-01
801,0.0,2026-08-01
802,0.0,2026-08-01
803,0.0,2026-08-01
804,0.0,2026-08-01
805,0.0,2026-08-01
806,0.0,2026-08-01
807,0.0,2026-08-01
808,0.0,2026-08-01
809,0.0,2026-08-01
810,0.0,2026-08-01
811,0.0,2026-08-01
812,0.0,2026-08-01
813,0.0,2026-08-01
814,0.0,2026-08-01
815,0.0,2026-08-01
816,0.0,2026-08-01
817,0.0,2026-08-01
818,0.3333333333333333,2026-08-01
819,0.0,2026-08-01
820,0.0,2026-08-01
821,0.0,2026-08-01
822,0.0,2026-08-01
823,0.0,2026-08-01
824,0.0,2026-08-01
825,0.0,2026-08-01
826,0.0,2026-08-01
827,0.0,2026-08-01
828,0.0,2026-08-01
829,0.0,2026-08-01
830,0.0,2026-08-01
831,0.0,2026-08-01
832,0.0,2026-08-01
833,0.0,2026-08-01
834,0.0,2026-08-01
835,0.0,2026-08-01
836,0.0,2026-08-01
837,0.0,2026-08-01
838,0.0,2026-08-01
839,0.0,2026-08-01
840,0.0,2026-08-01
841,0.0,2026-08-01
842,0.0,2026-08-01
843,0.3333333333333333,2026-08-01
844,0.0,2026-08-01
845,0.0,2026-08-01
846,0.0,2026-08-01
847,0.0,2026-08-01
848,0.0,2026-08-01
849,0.0,2026-08-01
850,0.0,2026-08-01
851,0.0,2026-08-01
852,0.0,2026-08-01
853,0.0,2026-08-01
854,0.0,2026-08-01
855,0.0,2026-08-01
856,0.0,2026-08-01
857,0.16666666666666666,2026-08-01
858,0.0,2026-08-01
859,0.0,2026-08-01
860,0.0,2026-08-01
861,0.0,2026-08-01
862,0.0,2026-08-01
863,0.0,2026-08-01
864,0.0,2026-08-01
865,1.0,2026-08-01
866,0.5,2026-08-01
867,0.0,2026-08-01
868,0.0,2026-08-01
869,0.0,2026-08-01
870,0.0,2026-08-01
871,0.0,2026-08-01
872,0.0,2026-08-01
873,0.0,2026-08-01
874,0.0,2026-08-01
875,0.0,2026-08-01
876,0.0,2026-08-01
877,0.0,2026-08-01
878,0.0,2026-08-01
879,0.0,2026-08-01
880,0.3333333333333333,2026-08-01
881,0.0,2026-08-01
882,0.0,2026-08-01
883,0.0,2026-08-01
884,0.0,2026-08-01
885,0.0,2026-08-01
886,0.0,2026-08-01
887,0.0,2026-08-01
888,0.0,2026-08-01
889,0.0,2026-08-01
890,1.0,2026-08-01
891,0.5,2026-08-01
892,0.0,2026-08-01
893,0.0,2026-08-01
894,0.0,2026-08-01
895,0.0,2026-08-01
896,0.0,2026-08-01
897,0.0,2026-08-01
898,0.0,2026-08-01
899,0.0,2026-08-01
900,0.0,2026-08-01
901,0.0,2026-08-01
902,0.0,2026-08-01
903,0.25,2026-08-01
904,1.0,2026-08-01
905,0.0,2026-08-01
906,0.0,2026-08-01
907,0.0,2026-08-01
908,0.0,2026-08-01
909,0.0,2026-08-01
910,0.0,2026-08-01
911,0.0,2026-08-01
912,0.0,2026-08-01
913,0.3333333333333333,2026-08-01
914,0.0,2026-08-01
915,0.0,2026-08-01
916,0.0,2026-08-01
917,0.0,2026-08-01
918,0.0,2026-08-01
919,0.0,2026-08-01
920,0.0,2026-08-01
921,0.0,2026-08-01
922,0.0,2026-08-01
923,0.0,2026-08-01
924,0.0,2026-08-01
925,0.0,2026-08-01
926,0.0,2026-08-01
927,0.0,2026-08-01
928,0.0,2026-08-01
929,0.0,2026-08-01
930,0.0,2026-08-01
931,0.0,2026-08-01
932,0.0,2026-08-01
933,0.0,2026-08-01
934,0.0,2026-08-01
935,0.0,2026-08-01
936,0.25,2026-08-01
937,0.0,2026-08-01
938,0.0,2026-08-01
939,0.3333333333333333,2026-08-01
940,0.0,2026-08-01
941,0.0,2026-08-01
942,0.0,2026-08-01
943,0.0,2026-08-01
944,0.0,2026-08-01
945,0.0,2026-08-01
946,0.0,2026-08-01
947,0.0,2026-08-01
948,1.0,2026-08-01
949,0.0,2026-08-01
950,0.0,2026-08-01
951,0.0,2026-08-01
952,0.0,2026-08-01
953,0.0,2026-08-01
954,0.0,2026-08-01
955,0.0,2026-08-01
956,0.0,2026-08-01
957,0.0,2026-08-01
958,0.0,2026-08-01
959,0.0,2026-08-01
960,0.0,2026-08-01
961,0.0,2026-08-01
962,0.0,2026-08-01
963,0.0,2026-08-01
964,0.0,2026-08-01
965,0.0,2026-08-01
966,0.0,2026-08-01
967,0.0,2026-08-01
968,0.0,2026-08-01
969,0.0,2026-08-01
970,0.0,2026-08-01
971,0.0,2026-08-01
972,0.0,2026-08-01
973,0.3333333333333333,2026-08-01
974,0.0,2026-08-01
975,0.0,2026-08-01
976,0.3333333333333333,2026-08-01
977,0.0,2026-08-01
978,0.0,2026-08-01
979,0.0,2026-08-01
980,0.0,2026-08-01
981,0.0,2026-08-01
982,0.0,2026-08-01
983,0.0,2026-08-01
984,0.25,2026-08-01
985,0.0,2026-08-01
986,0.0,2026-08-01
987,0.0,2026-08-01
988,0.0,2026-08-01
989,0.0,2026-08-01
990,0.0,2026-08-01
991,1.0,2026-08-01
992,0.0,2026-08-01
993,0.0,2026-08-01
994,0.0,2026-08-01
995,1.0,2026-08-01
996,0.0,2026-08-01
997,0.0,2026-08-01
998,0.0,2026-08-01
999,0.0,2026-08-01
1000,0.0,2026-08-01
1001,0.0,2026-08-01
1002,0.0,2026-08-01
1003,0.0,2026-08-01
1004,0.0,2026-08-01
1005,0.0,2026-08-01
1006,0.0,2026-08-01
1007,0.0,2026-08-01
1008,0.0,2026-08-01
1009,0.0,2026-08-01
1010,0.0,2026-08-01
1011,0.0,2026-08-01
1012,0.0,2026-08-01
1013,0.0,2026-08-01
1014,0.0,2026-08-01
1015,0.0,2026-08-01
1016,0.0,2026-08-01
1017,0.0,2026-08-01
1018,0.0,2026-08-01
1019,0.0,2026-08-01
1020,0.0,2026-08-01
1021,0.0,2026-08-01
1022,0.0,2026-08-01
1023,0.0,2026-08-01
1024,0.0,2026-08-01
1025,0.5,2026-08-01
1026,0.0,2026-08-01
1027,0.0,2026-08-01
1028,0.0,2026-08-01
1029,0.0,2026-08-01
1030,0.0,2026-08-01
1031,0.0,2026-08-01
1032,0.3333333333333333,2026-08-01
1033,0.0,2026-08-01
1034,0.0,2026-08-01
1035,0.0,2026-08-01
1036,0.0,2026-08-01
1037,0.0,2026-08-01
1038,0.0,2026-08-01
1039,0.0,2026-08-01
1040,0.0,2026-08-01
1041,0.0,2026-08-01
1042,0.0,2026-08-01
1043,0.0,2026-08-01
1044,0.0,2026-08-01
1045,0.0,2026-08-01
1046,0.0,2026-08-01
1047,0.0,2026-08-01
1048,0.0,2026-08-01
1049,0.0,2026-08-01
1050,0.0,2026-08-01
1051,0.3333333333333333,2026-08-01
1052,0.0,2026-08-01
1053,0.0,2026-08-01
1054,0.0,2026-08-01
1055,0.0,2026-08-01
1056,0.0,2026-08-01
1057,0.25,2026-08-01
1058,0.0,2026-08-01
1059,0.0,2026-08-01
1060,0.0,2026-08-01
1061,0.0,2026-08-01
1062,0.0,2026-08-01
1063,0.0,2026-08-01
1064,0.0,2026-08-01
1065,0.0,2026-08-01
1066,0.0,2026-08-01
1067,0.0,2026-08-01
1068,0.0,2026-08-01
1069,0.0,2026-08-01
1070,0.0,2026-08-01
1071,0.0,2026-08-01
1072,0.0,2026-08-01
1073,0.0,2026-08-01
1074,0.0,2026-08-01
1075,0.0,2026-08-01
1076,0.0,2026-08-01
1077,0.0,2026-08-01
1078,0.0,2026-08-01
1079,0.0,2026-08-01
1080,0.0,2026-08-01
1081,0.0,2026-08-01
1082,0.0,2026-08-01
1083,0.0,2026-08-01
1084,0.0,2026-08-01
1085,0.0,2026-08-01
1086,0.0,2026-08-01
1087,0.5,2026-08-01
1088,0.0,2026-08-01
1089,0.0,2026-08-01
1090,0.0,2026-08-01
1091,0.0,2026-08-01
1092,0.0,2026-08-01
1093,0.0,2026-08-01
1094,0.0,2026-08-01
1095,0.0,2026-08-01
1096,0.3333333333333333,2026-08-01
1097,0.0,2026-08-01
1098,0.0,2026-08-01
1099,0.0,2026-08-01
1100,0.0,2026-08-01
1101,0.0,2026-08-01
1102,0.0,2026-08-01
1103,0.0,2026-08-01
1104,0.0,2026-08-01
1105,0.0,2026-08-01
1106,0.2,2026-08-01
1107,0.0,2026-08-01
1108,0.0,2026-08-01
1109,0.0,2026-08-01
1110,0.0,2026-08-01
1111,0.0,2026-08-01
1112,0.0,2026-08-01
1113,1.0,2026-08-01
1114,0.0,2026-08-01
1115,0.0,2026-08-01
1116,0.0,2026-08-01
1117,0.0,2026-08-01
1118,0.5,2026-08-01
1119,0.0,2026-08-01
1120,0.0,2026-08-01
1121,0.0,2026-08-01
1122,0.0,2026-08-01
1123,0.0,2026-08-01
1124,0.0,2026-08-01
1125,0.0,2026-08-01
1126,0.0,2026-08-01
1127,0.25,2026-08-01
1128,0.0,2026-08-01
1129,0.0,2026-08-01
1130,0.0,2026-08-01
1131,0.0,2026-08-01
1132,0.0,2026-08-01
1133,0.0,2026-08-01
1134,0.16666666666666666,2026-08-01
1135,0.0,2026-08-01
1136,0.0,2026-08-01
1137,0.0,2026-08-01
1138,0.0,2026-08-01
1139,0.0,2026-08-01
1140,0.0,2026-08-01
1141,0.0,2026-08-01
1142,0.0,2026-08-01
1143,0.0,2026-08-01
1144,0.0,2026-08-01
1145,0.0,2026-08-01
1146,0.0,2026-08-01
1147,0.0,2026-08-01
1148,0.3333333333333333,2026-08-01
1149,0.0,2026-08-01
1150,0.0,2026-08-01
1151,0.0,2026-08-01
1152,0.0,2026-08-01
1153,0.0,2026-08-01
1154,0.0,2026-08-01
1155,0.0,2026-08-01
1156,0.0,2026-08-01
1157,0.0,2026-08-01
1158,0.0,2026-08-01
1159,0.0,2026-08-01
1160,0.0,2026-08-01
1161,0.0,2026-08-01
1162,0.0,2026-08-01
1163,0.0,2026-08-01
1164,0.0,2026-08-01
1165,0.3333333333333333,2026-08-01
1166,0.0,2026-08-01
1167,0.0,2026-08-01
1168,0.0,2026-08-01
1169,0.0,2026-08-01
1170,0.0,2026-08-01
1171,0.0,2026-08-01
1172,0.0,2026-08-01
1173,0.0,2026-08-01
1174,0.5,2026-08-01
1175,0.0,2026-08-01
1176,0.0,2026-08-01
1177,0.16666666666666666,2026-08-01
1178,1.0,2026-08-01
1179,0.0,2026-08-01
1180,0.0,2026-08-01
1181,0.0,2026-08-01
1182,0.0,2026-08-01
1183,0.0,2026-08-01
1184,0.0,2026-08-01
1185,0.0,2026-08-01
1186,0.0,2026-08-01
1187,0.0,2026-08-01
1188,0.0,2026-08-01
1189,0.3333333333333333,2026-08-01
1190,0.0,2026-08-01
1191,0.0,2026-08-01
1192,0.0,2026-08-01
1193,0.0,2026-08-01
1194,0.0,2026-08-01
1195,0.0,2026-08-01
1196,0.0,2026-08-01
1197,0.2,2026-08-01
1198,0.0,2026-08-01
1199,0.0,2026-08-01
1200,0.0,2026-08-01
1201,0.0,2026-08-01
1202,0.0,2026-08-01
1203,0.0,2026-08-01
1204,0.0,2026-08-01
1205,0.0,2026-08-01
1206,1.0,2026-08-01
1207,0.0,2026-08-01
1208,0.0,2026-08-01
1209,0.0,2026-08-01
1210,0.0,2026-08-01
1211,0.0,2026-08-01
1212,0.0,2026-08-01
1213,0.0,2026-08-01
1214,0.0,2026-08-01
1215,0.0,2026-08-01
1216,0.0,2026-08-01
1217,0.0,2026-08-01
1218,0.0,2026-08-01
1219,0.0,2026-08-01
1220,0.0,2026-08-01
1221,0.0,2026-08-01
1222,0.0,2026-08-01
1223,0.0,2026-08-01
1224,0.0,2026-08-01
1225,0.0,2026-08-01
1226,0.0,2026-08-01
1227,0.0,2026-08-01
1228,0.3333333333333333,2026-08-01
1229,0.0,2026-08-01
1230,0.0,2026-08-01
1231,0.0,2026-08-01
1232,0.0,2026-08-01
1233,0.0,2026-08-01
1234,0.0,2026-08-01
1235,0.0,2026-08-01
1236,0.3333333333333333,2026-08-01
1237,0.0,2026-08-01
1238,0.0,2026-08-01
1239,0.0,2026-08-01
1240,0.0,2026-08-01
1241,0.0,2026-08-01
1242,0.0,2026-08-01
1243,0.0,2026-08-01
1244,0.0,2026-08-01
1245,0.0,2026-08-01
1246,0.0,2026-08-01
1247,0.0,2026-08-01
1248,0.0,2026-08-01
1249,0.0,2026-08-01
1250,0.0,2026-08-01
1251,0.0,2026-08-01
1252,0.0,2026-08-01
1253,0.0,2026-08-01
1254,0.0,2026-08-01
1255,0.0,2026-08-01
1256,0.0,2026-08-01
1257,0.0,2026-08-01
1258,0.0,2026-08-01
1259,0.0,2026-08-01
1260,0.0,2026-08-01
1261,0.0,2026-08-01
1262,0.0,2026-08-01
1263,0.25,2026-08-01
1264,0.0,2026-08-01
1265,0.0,2026-08-01
1266,0.0,2026-08-01
1267,0.0,2026-08-01
1268,0.0,2026-08-01
1269,0.3333333333333333,2026-08-01
1270,0.16666666666666666,2026-08-01
1271,0.0,2026-08-01
1272,0.0,2026-08-01
1273,0.0,2026-08-01
1274,0.0,2026-08-01
1275,0.0,2026-08-01
1276,0.0,2026-08-01
1277,0.0,2026-08-01
1278,0.0,2026-08-01
1279,0.0,2026-08-01
1280,0.0,2026-08-01
1281,0.2,2026-08-01
1282,0.0,2026-08-01
1283,0.0,2026-08-01
1284,0.0,2026-08-01
1285,0.2,2026-08-01
1286,0.0,2026-08-01
1287,0.0,2026-08-01
1288,0.0,2026-08-01
1289,0.0,2026-08-01
1290,0.25,2026-08-01
1291,0.0,2026-08-01
1292,0.0,2026-08-01
1293,0.4,2026-08-01
1294,0.0,2026-08-01
1295,1.0,2026-08-01
1296,0.0,2026-08-01
1297,0.0,2026-08-01
1298,0.0,2026-08-01
1299,0.0,2026-08-01
1300,0.0,2026-08-01
1301,0.0,2026-08-01
1302,0.0,2026-08-01
1303,0.0,2026-08-01
1304,0.0,2026-08-01
1305,0.0,2026-08-01
1306,0.5,2026-08-01
1307,0.0,2026-08-01
1308,0.0,2026-08-01
1309,0.0,2026-08-01
1310,0.0,2026-08-01
1311,0.0,2026-08-01
1312,0.0,2026-08-01
1313,0.0,2026-08-01
1314,0.0,2026-08-01
1315,0.0,2026-08-01
1316,0.0,2026-08-01
1317,0.0,2026-08-01
1318,0.5,2026-08-01
1319,0.0,2026-08-01
1320,0.0,2026-08-01
1321,0.0,2026-08-01
1322,0.0,2026-08-01
1323,0.0,2026-08-01
1324,0.0,2026-08-01
1325,0.0,2026-08-01
1326,0.0,2026-08-01
1327,0.0,2026-08-01
1328,0.0,2026-08-01
1329,0.0,2026-08-01
1330,0.0,2026-08-01
1331,0.0,2026-08-01
1332,0.0,2026-08-01
1333,0.0,2026-08-01
1334,0.0,2026-08-01
1335,0.0,2026-08-01
1336,0.0,2026-08-01
1337,0.3333333333333333,2026-08-01
1338,0.0,2026-08-01
1339,0.0,2026-08-01
1340,0.0,2026-08-01
1341,0.25,2026-08-01
1342,0.0,2026-08-01
1343,0.0,2026-08-01
1344,0.0,2026-08-01
1345,0.1,2026-08-01
1346,0.0,2026-08-01
1347,0.0,2026-08-01
1348,0.0,2026-08-01
1349,0.2,2026-08-01
1350,0.5,2026-08-01
1351,0.0,2026-08-01
1352,0.0,2026-08-01
1353,0.0,2026-08-01
1354,0.0,2026-08-01
1355,0.0,2026-08-01
1356,0.3333333333333333,2026-08-01
1357,0.0,2026-08-01
1358,0.25,2026-08-01
1359,0.0,2026-08-01
1360,0.0,2026-08-01
1361,0.5,2026-08-01
1362,0.5,2026-08-01
1363,0.0,2026-08-01
1364,0.0,2026-08-01
1365,0.0,2026-08-01
1366,0.0,2026-08-01
1367,0.25,2026-08-01
1368,0.0,2026-08-01
1369,0.0,2026-08-01
1370,0.3333333333333333,2026-08-01
1371,0.0,2026-08-01
1372,0.0,2026-08-01
1373,0.3333333333333333,2026-08-01
1374,0.0,2026-08-01
1375,0.0,2026-08-01
1376,0.0,2026-08-01
1377,0.0,2026-08-01
1378,0.0,2026-08-01
1379,0.0,2026-08-01
1380,0.0,2026-08-01
1381,0.0,2026-08-01
1382,1.0,2026-08-01
1383,0.0,2026-08-01
1384,0.0,2026-08-01
1385,0.0,2026-08-01
1386,0.0,2026-08-01
1387,0.0,2026-08-01
1388,0.0,2026-08-01
1389,0.0,2026-08-01
1390,0.0,2026-08-01
1391,0.0,2026-08-01
1392,0.0,2026-08-01
1393,0.0,2026-08-01
1394,0.0,2026-08-01
1395,0.0,2026-08-01
1396,0.0,2026-08-01
1397,0.0,2026-08-01
1398,0.0,2026-08-01
1399,0.0,2026-08-01
1400,0.0,2026-08-01
1401,0.3333333333333333,2026-08-01
1402,0.0,2026-08-01
1403,0.0,2026-08-01
1404,0.0,2026-08-01
1405,0.0,2026-08-01
1406,0.0,2026-08-01
1407,0.0,2026-08-01
1408,0.0,2026-08-01
1409,0.0,2026-08-01
1410,0.0,2026-08-01
1411,0.0,2026-08-01
1412,0.0,2026-08-01
1413,0.0,2026-08-01
1414,0.0,2026-08-01
1415,0.0,2026-08-01
1416,0.0,2026-08-01
1417,0.0,2026-08-01
1418,0.0,2026-08-01
1419,0.0,2026-08-01
1420,0.0,2026-08-01
1421,0.0,2026-08-01
1422,0.0,2026-08-01
1423,0.0,2026-08-01
1424,0.0,2026-08-01
1425,0.5,2026-08-01
1426,0.0,2026-08-01
1427,0.0,2026-08-01
1428,0.5,2026-08-01
1429,0.0,2026-08-01
1430,0.0,2026-08-01
1431,0.0,2026-08-01
1432,0.25,2026-08-01
1433,0.0,2026-08-01
1434,0.0,2026-08-01
1435,0.25,2026-08-01
1436,0.0,2026-08-01
1437,0.0,2026-08-01
1438,0.0,2026-08-01
1439,0.0,2026-08-01
1440,0.0,2026-08-01
1441,0.0,2026-08-01
1442,0.0,2026-08-01
1443,0.0,2026-08-01
1444,0.0,2026-08-01
1445,1.0,2026-08-01
1446,0.0,2026-08-01
1447,0.0,2026-08-01
1448,0.0,2026-08-01
1449,0.0,2026-08-01
1450,0.0,2026-08-01
1451,0.0,2026-08-01
1452,0.0,2026-08-01
1453,0.0,2026-08-01
1454,0.0,2026-08-01
1455,0.2,2026-08-01
1456,0.0,2026-08-01
1457,0.0,2026-08-01
1458,0.5,2026-08-01
1459,0.0,2026-08-01
1460,0.0,2026-08-01
1461,0.0,2026-08-01
1462,0.0,2026-08-01
1463,0.0,2026-08-01
1464,0.0,2026-08-01
1465,0.0,2026-08-01
1466,0.0,2026-08-01
1467,0.0,2026-08-01
1468,0.0,2026-08-01
1469,0.0,2026-08-01
1470,0.0,2026-08-01
1471,0.0,2026-08-01
1472,1.0,2026-08-01
1473,0.0,2026-08-01
1474,0.0,2026-08-01
1475,0.25,2026-08-01
1476,0.2,2026-08-01
1477,0.0,2026-08-01
1478,0.0,2026-08-01
1479,0.25,2026-08-01
1480,0.0,2026-08-01
1481,0.0,2026-08-01
1482,0.0,2026-08-01
1483,0.0,2026-08-01
1484,0.0,2026-08-01
1485,0.0,2026-08-01
1486,0.25,2026-08-01
1487,0.0,2026-08-01
1488,0.0,2026-08-01
1489,0.0,2026-08-01
1490,0.0,2026-08-01
1491,0.3333333333333333,2026-08-01
1492,0.0,2026-08-01
1493,0.0,2026-08-01
1494,0.0,2026-08-01
1495,0.0,2026-08-01
1496,0.0,2026-08-01
1497,0.16666666666666666,2026-08-01
1498,0.0,2026-08-01
1499,0.0,2026-08-01
1500,0.0,2026-08-01
