customer_id,txn_count_window,as_of_date
1,0,2026-08-01
2,2,2026-08-01
3,0,2026-08-01
4,0,2026-08-01
5,1,2026-08-01
6,1,2026-08-01
7,1,2026-08-01
8,4,2026-08-01
9,1,2026-08-01
10,3,2026-08-01
11,2,2026-08-01
12,3,2026-08-01
13,0,2026-08-01
14,2,2026-08-01
15,1,2026-08-01
16,0,2026-08-01
17,1,2026-08-01
18,2,2026-08-01
19,4,2026-08-01
20,1,2026-08-01
21,2,2026-08-01
22,1,2026-08-01
23,0,2026-08-01
24,1,2026-08-01
25,1,2026-08-01
26,3,2026-08-01
27,2,2026-08-01
28,4,2026-08-01
29,3,2026-08-01
30,1,2026-08-01
31,3,2026-08-01
32,1,2026-08-01
33,3,2026-08-01
34,7,2026-08-01
35,1,2026-08-01
36,2,2026-08-01
37,0,2026-08-01
38,3,2026-08-01
39,5,2026-08-01
40,3,2026-08-01
41,1,2026-08-01
42,3,2026-08-01
43,3,2026-08-01
44,1,2026-08-01
45,1,2026-08-01
46,1,2026-08-01
47,2,2026-08-01
48,1,2026-08-01
49,4,2026-08-01
50,1,2026-08-01
51,1,2026-08-01
52,4,2026-08-01
53,5,2026-08-01
54,3,2026-08-01
55,7,2026-08-01
56,1,2026-08-01
57,4,2026-08-01
58,0,2026-08-01
59,3,2026-08-01
60,6,2026-08-01
61,1,2026-08-01
62,0,2026-08-01
63,1,2026-08-01
64,2,2026-08-01
65,3,2026-08-01
66,2,2026-08-01
67,3,2026-08-01
68,2,2026-08-01
69,2,2026-08-01
70,3,2026-08-01
71,1,2026-08-01
72,4,2026-08-01
73,3,2026-08-01
74,1,2026-08-01
75,3,2026-08-01
76,3,2026-08-01
77,2,2026-08-01
78,4,2026-08-01
79,1,2026-08-01
80,3,2026-08-01
81,2,2026-08-01
82,1,2026-08-01
83,1,2026-08-01
84,3,2026-08-01
85,5,2026-08-01
86,2,2026-08-01
87,2,2026-08-01
88,6,2026-08-01
89,2,2026-08-01
90,1,2026-08-01
91,2,2026-08-01
92,0,2026-08-01
93,5,2026-08-01
94,1,2026-08-01
95,0,2026-08-01
96,5,2026-08-01
97,6,2026-08-01
98,1,2026-08-01
99,3,2026-08-01
100,0,2026-08-01
101,1,2026-08-01
102,6,2026-08-01
103,0,2026-08-01
104,0,2026-08-01
105,1,2026-08-01
106,3,2026-08-01
107,1,2026-08-01
108,4,2026-08-01
109,1,2026-08-01
110,1,2026-08-01
111,2,2026-08-01
112,3,2026-08-01
113,0,2026-08-01
114,7,2026-08-01
115,0,2026-08-01
116,4,2026-08-01
117,0,2026-08-01
118,2,2026-08-01
119,5,2026-08-01
120,2,2026-08-01
121,3,2026-08-01
122,4,2026-08-01
123,3,2026-08-01
124,1,2026-08-01
125,4,2026-08-01
126,1,2026-08-01
127,4,2026-08-01
128,4,2026-08-01
129,11,2026-08-01
130,2,2026-08-01
131,8,2026-08-01
132,1,2026-08-01
133,0,2026-08-01
134,3,2026-08-01
135,2,2026-08-01
136,1,2026-08-01
137,4,2026-08-01
138,0,2026-08-01
139,1,2026-08-01
140,3,2026-08-01
141,1,2026-08-01
142,4,2026-08-01
143,3,2026-08-01
144,5,2026-08-01
145,2,2026-08-01
146,3,2026-08-01
147,1,2026-08-01
148,1,2026-08-01
149,3,2026-08-01
150,4,2026-08-01
151,4,2026-08-01
152,3,2026-08-01
153,1,2026-08-01
154,1,2026-08-01
155,3,2026-08-01
156,1,2026-08-01
157,6,2026-08-01
158,0,2026-08-01
159,0,2026-08-01
160,3,2026-08-01
161,2,2026-08-01
162,1,2026-08-01
163,2,2026-08-01
164,4,2026-08-01
165,2,2026-08-01
166,5,2026-08-01
167,2,2026-08-01
168,3,2026-08-01
169,1,2026-08-01
170,1,2026-08-01
171,1,2026-08-01
172,3,2026-08-01
173,6,2026-08-01
174,2,2026-08-01
175,1,2026-08-01
176,1,2026-08-01
177,1,2026-08-01
178,3,2026-08-01
179,2,2026-08-01
180,2,2026-08-01
181,0,2026-08-01
182,4,2026-08-01
183,2,2026-08-01
184,2,2026-08-01
185,3,2026-08-01
186,3,2026-08-01
187,2,2026-08-01
188,1,2026-08-01
189,2,2026-08-01
190,1,2026-08-01
191,1,2026-08-01
192,4,2026-08-01
193,0,2026-08-01
194,3,2026-08-01
195,4,2026-08-01
196,3,2026-08-01
197,3,2026-08-01
198,4,2026-08-01
199,4,2026-08-01
200,1,2026-08-01
201,1,2026-08-01
202,1,2026-08-01
203,0,2026-08-01
204,4,2026-08-01
205,2,2026-08-01
206,1,2026-08-01
207,0,2026-08-01
208,1,2026-08-01
209,1,2026-08-01
210,2,2026-08-01
211,2,2026-08-01
212,5,2026-08-01
213,2,2026-08-01
214,2,2026-08-01
215,2,2026-08-01
216,3,2026-08-01
217,4,2026-08-01
218,1,2026-08-01
219,1,2026-08-01
220,1,2026-08-01
221,3,2026-08-01
222,1,2026-08-01
223,8,2026-08-01
224,4,2026-08-01
225,1,2026-08-01
226,2,2026-08-01
227,1,2026-08-01
228,3,2026-08-01
229,3,2026-08-01
230,2,2026-08-01
231,1,2026-08-01
232,2,2026-08-01
233,0,2026-08-01
234,3,2026-08-01
235,2,2026-08-01
236,7,2026-08-01
237,4,2026-08-01
238,2,2026-08-01
239,4,2026-08-01
240,3,2026-08-01
241,3,2026-08-01
242,0,2026-08-01
243,0,2026-08-01
244,3,2026-08-01
245,6,2026-08-01
246,0,2026-08-01
247,0,2026-08-01
248,1,2026-08-01
249,1,2026-08-01
250,0,2026-08-01
251,2,2026-08-01
252,1,2026-08-01
253,0,2026-08-01
254,0,2026-08-01
255,5,2026-08-01
256,2,2026-08-01
257,1,2026-08-01
258,0,2026-08-01
259,1,2026-08-01
260,5,2026-08-01
261,11,2026-08-01
262,2,2026-08-01
263,5,2026-08-01
264,3,2026-08-01
265,1,2026-08-01
266,1,2026-08-01
267,3,2026-08-01
268,2,2026-08-01
269,1,2026-08-01
270,2,2026-08-01
271,2,2026-08-01
272,0,2026-08-01
273,3,2026-08-01
274,5,2026-08-01
275,3,2026-08-01
276,1,2026-08-01
277,1,2026-08-01
278,1,2026-08-01
279,0,2026-08-01
280,2,2026-08-01
281,3,2026-08-01
282,2,2026-08-01
283,3,2026-08-01
284,2,2026-08-01
285,3,2026-08-01
286,2,2026-08-01
287,2,2026-08-01
288,2,2026-08-01
289,2,2026-08-01
290,1,2026-08-01
291,2,2026-08-01
292,5,2026-08-01
293,2,2026-08-01
294,1,2026-08-01
295,3,2026-08-01
296,2,2026-08-01
297,5,2026-08-01
298,4,2026-08-01
299,4,2026-08-01
300,4,2026-08-01
301,0,2026-08-01
302,1,2026-08-01
303,1,2026-08-01
304,3,2026-08-01
305,0,2026-08-01
306,1,2026-08-01
307,1,2026-08-01
308,11,2026-08-01
309,2,2026-08-01
310,2,2026-08-01
311,4,2026-08-01
312,2,2026-08-01
313,0,2026-08-01
314,3,2026-08-01
315,3,2026-08-01
316,3,2026-08-01
317,4,2026-08-01
318,3,2026-08-01
319,2,2026-08-01
320,3,2026-08-01
321,1,2026-08-01
322,2,2026-08-01
323,11,2026-08-01
324,7,2026-08-01
325,1,2026-08-01
326,1,2026-08-01
327,1,2026-08-01
328,1,2026-08-01
329,2,2026-08-01
330,2,2026-08-01
331,1,2026-08-01
332,2,2026-08-01
333,6,2026-08-01
334,1,2026-08-01
335,4,2026-08-01
336,1,2026-08-01
337,2,2026-08-01
338,2,2026-08-01
339,1,2026-08-01
340,1,2026-08-01
341,1,2026-08-01
342,2,2026-08-01
343,3,2026-08-01
344,4,2026-08-01
345,1,2026-08-01
346,1,2026-08-01
347,3,2026-08-01
348,3,2026-08-01
349,2,2026-08-01
350,3,2026-08-01
351,4,2026-08-01
352,2,2026-08-01
353,2,2026-08-01
354,1,2026-08-01
355,1,2026-08-01
356,5,2026-08-01
357,2,2026-08-01
358,0,2026-08-01
359,1,2026-08-01
360,1,2026-08-01
361,3,2026-08-01
362,3,2026-08-01
363,3,2026-08-01
364,2,2026-08-01
365,1,2026-08-01
366,2,2026-08-01
367,1,2026-08-01
368,3,2026-08-01
369,0,2026-08-01
370,5,2026-08-01
371,3,2026-08-01
372,2,2026-08-01
373,4,2026-08-01
374,4,2026-08-01
375,1,2026-08-01
376,1,2026-08-01
377,4,2026-08-01
378,2,2026-08-01
379,1,2026-08-01
380,3,2026-08-01
381,0,2026-08-01
382,2,2026-08-01
383,3,2026-08-01
384,2,2026-08-01
385,1,2026-08-01
386,1,2026-08-01
387,0,2026-08-01
388,3,2026-08-01
389,1,2026-08-01
390,2,2026-08-01
391,3,2026-08-01
392,2,2026-08-01
393,4,2026-08-01
394,2,2026-08-01
395,5,2026-08-01
396,3,2026-08-01
397,2,2026-08-01
398,2,2026-08-01
399,3,2026-08-01
400,0,2026-08-01
401,2,2026-08-01
402,1,2026-08-01
403,4,2026-08-01
404,0,2026-08-01
405,2,2026-08-01
406,0,2026-08-01
407,1,2026-08-01
408,1,2026-08-01
409,2,2026-08-01
410,0,2026-08-01
411,2,2026-08-01
412,2,2026-08-01
413,2,2026-08-01
414,1,2026-08-01
415,1,2026-08-01
416,2,2026-08-01
417,4,2026-08-01
418,0,2026-08-01
419,4,2026-08-01
420,1,2026-08-01
421,1,2026-08-01
422,1,2026-08-01
423,4,2026-08-01
424,2,2026-08-01
425,1,2026-08-01
426,6,2026-08-01
427,2,2026-08-01
428,5,2026-08-01
429,0,2026-08-01
430,3,2026-08-01
431,0,2026-08-01
432,3,2026-08-01
433,4,2026-08-01
434,1,2026-08-01
435,2,2026-08-01
436,0,2026-08-01
437,1,2026-08-01
438,1,2026-08-01
439,0,2026-08-01
440,2,2026-08-01
441,4,2026-08-01
442,4,2026-08-01
443,1,2026-08-01
444,2,2026-08-01
445,2,2026-08-01
446,0,2026-08-01
447,2,2026-08-01
448,2,2026-08-01
449,3,2026-08-01
450,3,2026-08-01
451,4,2026-08-01
452,3,2026-08-01
453,4,2026-08-01
454,0,2026-08-01
455,2,2026-08-01
456,3,2026-08-01
457,1,2026-08-01
458,1,2026-08-01
459,4,2026-08-01
460,3,2026-08-01
461,4,2026-08-01
462,1,2026-08-01
463,4,2026-08-01
464,0,2026-08-01
465,1,2026-08-01
466,2,2026-08-01
467,3,2026-08-01
468,3,2026-08-01
469,7,2026-08-01
470,4,2026-08-01
471,3,2026-08-01
472,4,2026-08-01
473,6,2026-08-01
474,3,2026-08-01
475,2,2026-08-01
476,1,2026-08-01
477,4,2026-08-01
478,1,2026-08-01
479,1,2026-08-01
480,1,2026-08-01
481,1,2026-08-01
482,1,2026-08-01
483,3,2026-08-01
484,1,2026-08-01
485,5,2026-08-01
486,1,2026-08-01
487,2,2026-08-01
488,1,2026-08-01
489,1,2026-08-01
490,2,2026-08-01
491,2,2026-08-01
492,4,2026-08-01
493,0,2026-08-01
494,4,2026-08-01
495,0,2026-08-01
496,5,2026-08-01
497,5,2026-08-01
498,6,2026-08-01
499,2,2026-08-01
500,3,2026-08-01
501,1,2026-08-01
502,5,2026-08-01
503,3,2026-08-01
504,2,2026-08-01
505,3,2026-08-01
506,5,2026-08-01
507,0,2026-08-01
508,2,2026-08-01
509,6,2026-08-01
510,1,2026-08-01
511,0,2026-08-01
512,1,2026-08-01
513,4,2026-08-01
514,4,2026-08-01
515,2,2026-08-01
516,1,2026-08-01
517,3,2026-08-01
518,1,2026-08-01
519,0,2026-08-01
520,3,2026-08-01
521,6,2026-08-01
522,2,2026-08-01
523,1,2026-08-01
524,1,2026-08-01
525,0,2026-08-01
526,5,2026-08-01
527,10,2026-08-01
528,2,2026-08-01
529,1,2026-08-01
530,1,2026-08-01
531,1,2026-08-01
532,2,2026-08-01
533,1,2026-08-01
534,0,2026-08-01
535,5,2026-08-01
536,0,2026-08-01
537,1,2026-08-01
538,1,2026-08-01
539,1,2026-08-01
540,0,2026-08-01
541,1,2026-08-01
542,1,2026-08-01
543,2,2026-08-01
544,2,2026-08-01
545,4,2026-08-01
546,0,2026-08-01
547,11,2026-08-01
548,2,2026-08-01
549,0,2026-08-01
550,3,2026-08-01
551,1,2026-08-01
552,0,2026-08-01
553,2,2026-08-01
554,1,2026-08-01
555,3,2026-08-01
556,7,2026-08-01
557,2,2026-08-01
558,1,2026-08-01
559,2,2026-08-01
560,4,2026-08-01
561,2,2026-08-01
562,1,2026-08-01
563,5,2026-08-01
564,4,2026-08-01
565,3,2026-08-01
566,6,2026-08-01
567,1,2026-08-01
568,2,2026-08-01
569,1,2026-08-01
570,4,2026-08-01
571,3,2026-08-01
572,5,2026-08-01
573,2,2026-08-01
574,0,2026-08-01
575,0,2026-08-01
576,3,2026-08-01
577,2,2026-08-01
578,3,2026-08-01
579,2,2026-08-01
580,1,2026-08-01
581,3,2026-08-01
582,2,2026-08-01
583,2,2026-08-01
584,1,2026-08-01
585,2,2026-08-01
586,2,2026-08-01
587,5,2026-08-01
588,1,2026-08-01
589,0,2026-08-01
590,1,2026-08-01
591,4,2026-08-01
592,7,2026-08-01
593,0,2026-08-01
594,3,2026-08-01
595,4,2026-08-01
596,3,2026-08-01
597,3,2026-08-01
598,1,2026-08-01
599,1,2026-08-01
600,5,2026-08-01
601,2,2026-08-01
602,1,2026-08-01
603,1,2026-08-01
604,1,2026-08-01
605,1,2026-08-01
606,1,2026-08-01
607,3,2026-08-01
608,1,2026-08-01
609,2,2026-08-01
610,4,2026-08-01
611,2,2026-08-01
612,0,2026-08-01
613,2,2026-08-01
614,3,2026-08-01
615,1,2026-08-01
616,1,2026-08-01
617,7,2026-08-01
618,3,2026-08-01
619,2,2026-08-01
620,0,2026-08-01
621,2,2026-08-01
622,4,2026-08-01
623,3,2026-08-01
624,4,2026-08-01
625,2,2026-08-01
626,2,2026-08-01
627,0,2026-08-01
628,6,2026-08-01
629,5,2026-08-01
630,4,2026-08-01
631,3,2026-08-01
632,0,2026-08-01
633,2,2026-08-01
634,0,2026-08-01
635,2,2026-08-01
636,5,2026-08-01
637,1,2026-08-01
638,2,2026-08-01
639,3,2026-08-01
640,5,2026-08-01
641,0,2026-08-01
642,3,2026-08-01
643,3,2026-08-01
644,0,2026-08-01
645,4,2026-08-01
646,1,2026-08-01
647,2,2026-08-01
648,4,2026-08-01
649,3,2026-08-01
650,6,2026-08-01
651,1,2026-08-01
652,4,2026-08-01
653,2,2026-08-01
654,4,2026-08-01
655,5,2026-08-01
656,2,2026-08-01
657,5,2026-08-01
658,2,2026-08-01
659,2,2026-08-01
660,3,2026-08-01
661,0,2026-08-01
662,2,2026-08-01
663,3,2026-08-01
664,2,2026-08-01
665,1,2026-08-01
666,3,2026-08-01
667,3,2026-08-01
668,2,2026-08-01
669,2,2026-08-01
670,1,2026-08-01
671,3,2026-08-01
672,4,2026-08-01
673,4,2026-08-01
674,0,2026-08-01
675,4,2026-08-01
676,1,2026-08-01
677,1,2026-08-01
678,3,2026-08-01
679,0,2026-08-01
680,11,2026-08-01
681,0,2026-08-01
682,1,2026-08-01
683,0,2026-08-01
684,0,2026-08-01
685,2,2026-08-01
686,3,2026-08-01
687,1,2026-08-01
688,1,2026-08-01
689,4,2026-08-01
690,2,2026-08-01
691,2,2026-08-01
692,4,2026-08-01
693,2,2026-08-01
694,3,2026-08-01
695,2,2026-08-01
696,2,2026-08-01
697,0,2026-08-01
698,2,2026-08-01
699,1,2026-08-01
700,7,2026-08-01
701,1,2026-08-01
702,7,2026-08-01
703,3,2026-08-01
704,2,2026-08-01
705,0,2026-08-01
706,2,2026-08-01
707,0,2026-08-01
708,2,2026-08-01
709,0,2026-08-01
710,2,2026-08-01
711,5,2026-08-01
712,1,2026-08-01
713,8,2026-08-01
714,1,2026-08-01
715,1,2026-08-01
716,4,2026-08-01
717,3,2026-08-01
718,1,2026-08-01
719,2,2026-08-01
720,3,2026-08-01
721,3,2026-08-01
722,1,2026-08-01
723,2,2026-08-01
724,2,2026-08-01
725,1,2026-08-01
726,2,2026-08-01
727,2,2026-08-01
728,3,2026-08-01
729,2,2026-08-01
730,3,2026-08-01
731,1,2026-08-01
732,2,2026-08-01
733,1,2026-08-01
734,2,2026-08-01
735,3,2026-08-01
736,6,2026-08-01
737,1,2026-08-01
738,3,2026-08-01
739,1,2026-08-01
740,11,2026-08-01
741,1,2026-08-01
742,6,2026-08-01
743,2,2026-08-01
744,4,2026-08-01
745,1,2026-08-01
746,5,2026-08-01
747,1,2026-08-01
748,3,2026-08-01
749,2,2026-08-01
750,3,2026-08-01
751,3,2026-08-01
752,7,2026-08-01
753,1,2026-08-01
754,3,2026-08-01
755,5,2026-08-01
756,3,2026-08-01
757,2,2026-08-01
758,1,2026-08-01
759,0,2026-08-01
760,3,2026-08-01
761,2,2026-08-01
762,3,2026-08-01
763,0,2026-08-01
764,1,2026-08-01
765,3,2026-08-01
766,1,2026-08-01
767,1,2026-08-01
768,0,2026-08-01
769,2,2026-08-01
770,0,2026-08-01
771,0,2026-08-01
772,4,2026-08-01
773,0,2026-08-01
774,4,2026-08-01
775,2,2026-08-01
776,0,2026-08-01
777,1,2026-08-01
778,0,2026-08-01
779,4,2026-08-01
780,1,2026-08-01
781,4,2026-08-01
782,1,2026-08-01
783,1,2026-08-01
784,5,2026-08-01
785,0,2026-08-01
786,1,2026-08-01
787,0,2026-08-01
788,5,2026-08-01
789,9,2026-08-01
790,0,2026-08-01
791,1,2026-08-01
792,1,2026-08-01
793,3,2026-08-01
794,5,2026-08-01
795,3,2026-08-01
796,6,2026-08-01
797,4,2026-08-01
798,0,2026-08-01
799,5,2026-08-01
800,1,2026-08-01
801,0,2026-08-01
802,0,2026-08-01
803,1,2026-08-01
804,4,2026-08-01
805,2,2026-08-01
806,1,2026-08-01
807,1,2026-08-01
808,1,2026-08-01
809,3,2026-08-01
810,2,2026-08-01
811,1,2026-08-01
812,1,2026-08-01
813,3,2026-08-01
814,0,2026-08-01
815,2,2026-08-01
816,4,2026-08-01
817,0,2026-08-01
818,3,2026-08-01
819,2,2026-08-01
820,2,2026-08-01
821,0,2026-08-01
822,0,2026-08-01
823,0,2026-08-01
824,3,2026-08-01
825,2,2026-08-01
826,1,2026-08-01
827,4,2026-08-01
828,2,2026-08-01
829,5,2026-08-01
830,0,2026-08-01
831,1,2026-08-01
832,2,2026-08-01
833,2,2026-08-01
834,1,2026-08-01
835,1,2026-08-01
836,2,2026-08-01
837,3,2026-08-01
838,4,2026-08-01
839,1,2026-08-01
840,0,2026-08-01
841,3,2026-08-01
842,2,2026-08-01
843,3,2026-08-01
844,0,2026-08-01
845,1,2026-08-01
846,0,2026-08-01
847,2,2026-08-01
848,2,2026-08-01
849,2,2026-08-01
850,1,2026-08-01
851,2,2026-08-01
852,2,2026-08-01
853,5,2026-08-01
854,2,2026-08-01
855,2,2026-08-01
856,5,2026-08-01
857,6,2026-08-01
858,0,2026-08-01
859,4,2026-08-01
860,3,2026-08-01
861,2,2026-08-01
862,2,2026-08-01
863,0,2026-08-01
864,0,2026-08-01
865,1,2026-08-01
866,2,2026-08-01
867,2,2026-08-01
868,3,2026-08-01
869,3,2026-08-01
870,0,2026-08-01
871,4,2026-08-01
872,1,2026-08-01
873,3,2026-08-01
874,3,2026-08-01
875,1,2026-08-01
876,2,2026-08-01
877,5,2026-08-01
878,3,2026-08-01
879,1,2026-08-01
880,3,2026-08-01
881,0,2026-08-01
882,3,2026-08-01
883,1,2026-08-01
884,2,2026-08-01
885,1,2026-08-01
886,1,2026-08-01
887,1,2026-08-01
888,3,2026-08-01
889,0,2026-08-01
890,1,2026-08-01
891,2,2026-08-01
892,2,2026-08-01
893,2,2026-08-01
894,1,2026-08-01
895,4,2026-08-01
896,5,2026-08-01
897,1,2026-08-01
898,1,2026-08-01
899,1,2026-08-01
900,3,2026-08-01
901,0,2026-08-01
902,0,2026-08-01
903,4,2026-08-01
904,1,2026-08-01
905,2,2026-08-01
906,2,2026-08-01
907,0,2026-08-01
908,1,2026-08-01
909,1,2026-08-01
910,1,2026-08-01
911,4,2026-08-01
912,2,2026-08-01
913,3,2026-08-01
914,2,2026-08-01
915,1,2026-08-01
916,2,2026-08-01
917,2,2026-08-01
918,5,2026-08-01
919,0,2026-08-01
920,3,2026-08-01
921,2,2026-08-01
922,1,2026-08-01
923,1,2026-08-01
924,2,2026-08-01
925,0,2026-08-01
926,4,2026-08-01
927,2,2026-08-01
928,6,2026-08-01
929,3,2026-08-01
930,1,2026-08-01
931,5,2026-08-01
932,1,2026-08-01
933,7,2026-08-01
934,1,2026-08-01
935,1,2026-08-01
936,4,2026-08-01
937,1,2026-08-01
938,2,2026-08-01
939,3,2026-08-01
940,0,2026-08-01
941,4,2026-08-01
942,1,2026-08-01
943,6,2026-08-01
944,2,2026-08-01
945,1,2026-08-01
946,3,2026-08-01
947,6,2026-08-01
948,1,2026-08-01
949,1,2026-08-01
950,4,2026-08-01
951,3,2026-08-01
952,5,2026-08-01
953,5,2026-08-01
954,3,2026-08-01
955,3,2026-08-01
956,6,2026-08-01
957,0,2026-08-01
958,3,2026-08-01
959,1,2026-08-01
960,2,2026-08-01
961,1,2026-08-01
962,1,2026-08-01
963,2,2026-08-01
964,1,2026-08-01
965,4,2026-08-01
966,1,2026-08-01
967,4,2026-08-01
968,3,2026-08-01
969,6,2026-08-01
970,1,2026-08-01
971,1,2026-08-01
972,2,2026-08-01
973,3,2026-08-01
974,2,2026-08-01
975,0,2026-08-01
976,3,2026-08-01
977,2,2026-08-01
978,4,2026-08-01
979,3,2026-08-01
980,0,2026-08-01
981,1,2026-08-01
982,3,2026-08-01
983,2,2026-08-01
984,4,2026-08-01
985,3,2026-08-01
986,3,2026-08-01
987,3,2026-08-01
988,2,2026-08-01
989,1,2026-08-01
990,1,2026-08-01
991,1,2026-08-01
992,0,2026-08-01
993,3,2026-08-01
994,1,2026-08-01
995,1,2026-08-01
996,3,2026-08-01
997,3,2026-08-01
998,2,2026-08-01
999,1,2026-08-01
1000,1,2026-08-01
1001,3,2026-08-01
1002,3,2026-08-01
1003,2,2026-08-01
1004,3,2026-08-01
1005,0,2026-08-01
1006,5,2026-08-01
1007,3,2026-08-01
1008,4,2026-08-01
1009,1,2026-08-01
1010,2,2026-08-01
1011,2,2026-08-01
1012,1,2026-08-01
1013,2,2026-08-01
1014,1,2026-08-01
1015,4,2026-08-01
1016,5,2026-08-01
1017,1,2026-08-01
1018,0,2026-08-01
1019,0,2026-08-01
1020,0,2026-08-01
1021,1,2026-08-01
1022,0,2026-08-01
1023,2,2026-08-01
1024,1,2026-08-01
1025,2,2026-08-01
1026,0,2026-08-01
1027,0,2026-08-01
1028,2,2026-08-01
1029,1,2026-08-01
1030,1,2026-08-01
1031,1,2026-08-01
1032,3,2026-08-01
1033,3,2026-08-01
1034,3,2026-08-01
1035,2,2026-08-01
1036,2,2026-08-01
1037,0,2026-08-01
1038,1,2026-08-01
1039,1,2026-08-01
1040,1,2026-08-01
1041,4,2026-08-01
1042,1,2026-08-01
1043,1,2026-08-01
1044,0,2026-08-01
1045,3,2026-08-01
1046,0,2026-08-01
1047,1,2026-08-01
1048,0,2026-08-01
1049,2,2026-08-01
1050,0,2026-08-01
1051,3,2026-08-01
1052,4,2026-08-01
1053,2,2026-08-01
1054,1,2026-08-01
1055,3,2026-08-01
1056,2,2026-08-01
1057,4,2026-08-01
1058,0,2026-08-01
1059,0,2026-08-01
1060,2,2026-08-01
1061,5,2026-08-01
1062,5,2026-08-01
1063,3,2026-08-01
1064,0,2026-08-01
1065,1,2026-08-01
1066,3,2026-08-01
1067,2,2026-08-01
1068,1,2026-08-01
1069,2,2026-08-01
1070,1,2026-08-01
1071,1,2026-08-01
1072,1,2026-08-01
1073,4,2026-08-01
1074,1,2026-08-01
1075,4,2026-08-01
1076,2,2026-08-01
1077,2,2026-08-01
1078,2,2026-08-01
1079,4,2026-08-01
1080,0,2026-08-01
1081,2,2026-08-01
1082,6,2026-08-01
1083,3,2026-08-01
1084,3,2026-08-01
1085,3,2026-08-01
1086,5,2026-08-01
1087,2,2026-08-01
1088,3,2026-08-01
1089,1,2026-08-01
1090,1,2026-08-01
1091,4,2026-08-01
1092,6,2026-08-01
1093,2,2026-08-01
1094,2,2026-08-01
1095,4,2026-08-01
1096,3,2026-08-01
1097,1,2026-08-01
1098,7,2026-08-01
1099,1,2026-08-01
1100,0,2026-08-01
1101,2,2026-08-01
1102,3,2026-08-01
1103,1,2026-08-01
1104,3,2026-08-01
1105,2,2026-08-01
1106,5,2026-08-01
1107,3,2026-08-01
1108,2,2026-08-01
1109,1,2026-08-01
1110,0,2026-08-01
1111,0,2026-08-01
1112,4,2026-08-01
1113,1,2026-08-01
1114,3,2026-08-01
1115,3,2026-08-01
1116,1,2026-08-01
1117,1,2026-08-01
1118,2,2026-08-01
1119,1,2026-08-01
1120,1,2026-08-01
1121,0,2026-08-01
1122,1,2026-08-01
1123,0,2026-08-01
1124,4,2026-08-01
1125,2,2026-08-01
1126,2,2026-08-01
1127,4,2026-08-01
1128,2,2026-08-01
1129,2,2026-08-01
1130,2,2026-08-01
1131,1,2026-08-01
1132,4,2026-08-01
1133,3,2026-08-01
1134,6,2026-08-01
1135,1,2026-08-01
1136,0,2026-08-01
1137,2,2026-08-01
1138,1,2026-08-01
1139,3,2026-08-01
1140,2,2026-08-01
1141,3,2026-08-01
1142,4,2026-08-01
1143,3,2026-08-01
1144,2,2026-08-01
1145,2,2026-08-01
1146,0,2026-08-01
1147,2,2026-08-01
1148,3,2026-08-01
1149,4,2026-08-01
1150,0,2026-08-01
1151,5,2026-08-01
1152,1,2026-08-01
1153,2,2026-08-01
1154,5,2026-08-01
1155,1,2026-08-01
1156,1,2026-08-01
1157,2,2026-08-01
1158,2,2026-08-01
1159,7,2026-08-01
1160,0,2026-08-01
1161,2,2026-08-01
1162,3,2026-08-01
1163,5,2026-08-01
1164,0,2026-08-01
1165,3,2026-08-01
1166,2,2026-08-01
1167,2,2026-08-01
1168,1,2026-08-01
1169,2,2026-08-01
1170,3,2026-08-01
1171,2,2026-08-01
1172,4,2026-08-01
1173,3,2026-08-01
1174,2,2026-08-01
1175,2,2026-08-01
1176,2,2026-08-01
1177,6,2026-08-01
1178,1,2026-08-01
1179,2,2026-08-01
1180,0,2026-08-01
1181,2,2026-08-01
1182,8,2026-08-01
1183,0,2026-08-01
1184,4,2026-08-01
1185,0,2026-08-01
1186,1,2026-08-01
1187,0,2026-08-01
1188,1,2026-08-01
1189,3,2026-08-01
1190,0,2026-08-01
1191,2,2026-08-01
1192,4,2026-08-01
1193,1,2026-08-01
1194,1,2026-08-01
1195,0,2026-08-01
1196,6,2026-08-01
1197,5,2026-08-01
1198,2,2026-08-01
1199,2,2026-08-01
1200,2,2026-08-01
1201,2,2026-08-01
1202,2,2026-08-01
1203,4,2026-08-01
1204,1,2026-08-01
1205,6,2026-08-01
1206,1,2026-08-01
1207,2,2026-08-01
1208,1,2026-08-01
1209,5,2026-08-01
1210,2,2026-08-01
1211,2,2026-08-01
1212,0,2026-08-01
1213,2,2026-08-01
1214,4,2026-08-01
1215,0,2026-08-01
1216,0,2026-08-01
1217,6,2026-08-01
1218,0,2026-08-01
1219,3,2026-08-01
1220,3,2026-08-01
1221,1,2026-08-01
1222,3,2026-08-01
1223,5,2026-08-01
1224,4,2026-08-01
1225,1,2026-08-01
1226,2,2026-08-01
1227,2,2026-08-01
1228,3,2026-08-01
1229,2,2026-08-01
1230,2,2026-08-01
1231,3,2026-08-01
1232,0,2026-08-01
1233,2,2026-08-01
1234,1,2026-08-01
1235,0,2026-08-01
1236,3,2026-08-01
1237,1,2026-08-01
1238,2,2026-08-01
1239,0,2026-08-01
1240,4,2026-08-01
1241,2,2026-08-01
1242,3,2026-08-01
1243,4,2026-08-01
1244,2,2026-08-01
1245,0,2026-08-01
1246,2,2026-08-01
1247,4,2026-08-01
1248,5,2026-08-01
1249,1,2026-08-01
1250,3,2026-08-01
1251,1,2026-08-01
1252,3,2026-08-01
1253,3,2026-08-01
1254,8,2026-08-01
1255,5,2026-08-01
1256,1,2026-08-01
1257,6,2026-08-01
1258,3,2026-08-01
1259,3,2026-08-01
1260,1,2026-08-01
1261,3,2026-08-01
1262,1,2026-08-01
1263,4,2026-08-01
1264,2,2026-08-01
1265,1,2026-08-01
1266,0,2026-08-01
1267,3,2026-08-01
1268,0,2026-08-01
1269,3,2026-08-01
1270,6,2026-08-01
1271,4,2026-08-01
1272,0,2026-08-01
1273,2,2026-08-01
1274,4,2026-08-01
1275,5,2026-08-01
1276,3,2026-08-01
1277,2,2026-08-01
1278,0,2026-08-01
1279,0,2026-08-01
1280,5,2026-08-01
1281,5,2026-08-01
1282,5,2026-08-01
1283,1,2026-08-01
1284,2,2026-08-01
1285,5,2026-08-01
1286,3,2026-08-01
1287,0,2026-08-01
1288,3,2026-08-01
1289,2,2026-08-01
1290,4,2026-08-01
1291,1,2026-08-01
1292,2,2026-08-01
1293,5,2026-08-01
1294,0,2026-08-01
1295,1,2026-08-01
1296,4,2026-08-01
1297,2,2026-08-01
1298,0,2026-08-01
1299,5,2026-08-01
1300,1,2026-08-01
1301,2,2026-08-01
1302,4,2026-08-01
1303,1,2026-08-01
1304,1,2026-08-01
1305,0,2026-08-01
1306,2,2026-08-01
1307,0,2026-08-01
1308,4,2026-08-01
1309,1,2026-08-01
1310,2,2026-08-01
1311,6,2026-08-01
1312,2,2026-08-01
1313,1,2026-08-01
1314,2,2026-08-01
1315,1,2026-08-01
1316,1,2026-08-01
1317,0,2026-08-01
1318,2,2026-08-01
1319,5,2026-08-01
1320,2,2026-08-01
1321,0,2026-08-01
1322,4,2026-08-01
1323,0,2026-08-01
1324,2,2026-08-01
1325,1,2026-08-01
1326,4,2026-08-01
1327,0,2026-08-01
1328,0,2026-08-01
1329,2,2026-08-01
1330,4,2026-08-01
1331,5,2026-08-01
1332,2,2026-08-01
1333,8,2026-08-01
1334,1,2026-08-01
1335,1,2026-08-01
1336,3,2026-08-01
1337,3,2026-08-01
1338,1,2026-08-01
1339,3,2026-08-01
1340,2,2026-08-01
1341,4,2026-08-01
1342,3,2026-08-01
1343,0,2026-08-01
1344,2,2026-08-01
1345,10,2026-08-01
1346,1,2026-08-01
1347,1,2026-08-01
1348,1,2026-08-01
1349,5,2026-08-01
1350,2,2026-08-01
1351,1,2026-08-01
1352,0,2026-08-01
1353,0,2026-08-01
1354,0,2026-08-01
1355,3,2026-08-01
1356,3,2026-08-01
1357,1,2026-08-01
1358,4,2026-08-01
1359,2,2026-08-01
1360,2,2026-08-01
1361,2,2026-08-01
1362,2,2026-08-01
1363,1,2026-08-01
1364,5,2026-08-01
1365,5,2026-08-01
1366,1,2026-08-01
1367,4,2026-08-01
1368,1,2026-08-01
1369,4,2026-08-01
1370,3,2026-08-01
1371,3,2026-08-01
1372,3,2026-08-01
1373,3,2026-08-01
1374,1,2026-08-01
1375,0,2026-08-01
1376,2,2026-08-01
1377,3,2026-08-01
1378,0,2026-08-01
1379,3,2026-08-01
1380,2,2026-08-01
1381,3,2026-08-01
1382,1,2026-08-01
1383,4,2026-08-01
1384,4,2026-08-01
1385,4,2026-08-01
1386,2,2026-08-01
1387,5,2026-08-01
1388,1,2026-08-01
1389,2,2026-08-01
1390,4,2026-08-01
1391,1,2026-08-01
1392,3,2026-08-01
1393,3,2026-08-01
1394,4,2026-08-01
1395,3,2026-08-01
1396,0,2026-08-01
1397,1,2026-08-01
1398,0,2026-08-01
1399,1,2026-08-01
1400,1,2026-08-01
1401,3,2026-08-01
1402,5,2026-08-01
1403,4,2026-08-01
1404,1,2026-08-01
1405,2,2026-08-01
1406,1,2026-08-01
1407,2,2026-08-01
1408,3,2026-08-01
1409,0,2026-08-01
1410,4,2026-08-01
1411,2,2026-08-01
1412,3,2026-08-01
1413,1,2026-08-01
1414,3,2026-08-01
1415,1,2026-08-01
1416,3,2026-08-01
1417,3,2026-08-01
1418,6,2026-08-01
1419,2,2026-08-01
1420,1,2026-08-01
1421,1,2026-08-01
1422,0,2026-08-01
1423,1,2026-08-01
1424,3,2026-08-01
1425,2,2026-08-01
1426,3,2026-08-01
1427,4,2026-08-01
1428,2,2026-08-01
1429,2,2026-08-01
1430,1,2026-08-01
1431,4,2026-08-01
1432,4,2026-08-01
1433,1,2026-08-01
1434,3,2026-08-01
1435,4,2026-08-01
1436,3,2026-08-01
1437,1,2026-08-01
1438,1,2026-08-01
1439,2,2026-08-01
1440,1,2026-08-01
1441,2,2026-08-01
1442,1,2026-08-01
1443,4,2026-08-01
1444,0,2026-08-01
1445,1,2026-08-01
1446,1,2026-08-01
1447,3,2026-08-01
1448,3,2026-08-01
1449,2,2026-08-01
1450,1,2026-08-01
1451,1,2026-08-01
1452,0,2026-08-01
1453,0,2026-08-01
1454,3,2026-08-01
1455,5,2026-08-01
1456,4,2026-08-01
1457,2,2026-08-01
1458,2,2026-08-01
1459,1,2026-08-01
1460,4,2026-08-01
1461,2,2026-08-01
1462,2,2026-08-01
1463,1,2026-08-01
1464,4,2026-08-01
1465,0,2026-08-01
1466,5,2026-08-01
1467,2,2026-08-01
1468,4,2026-08-01
1469,0,2026-08-01
1470,2,2026-08-01
1471,12,2026-08-01
1472,1,2026-08-01
1473,6,2026-08-01
1474,1,2026-08-01
1475,4,2026-08-01
1476,5,2026-08-01
1477,2,2026-08-01
1478,1,2026-08-01
1479,4,2026-08-01
1480,3,2026-08-01
1481,4,2026-08-01
1482,0,2026-08-01
1483,6,2026-08-01
1484,0,2026-08-01
1485,4,2026-08-01
1486,4,2026-08-01
1487,0,2026-08-01
1488,1,2026-08-01
1489,0,2026-08-01
1490,4,2026-08-01
1491,3,2026-08-01
1492,2,2026-08-01
1493,0,2026-08-01
1494,1,2026-08-01
1495,2,2026-08-01
1496,5,2026-08-01
1497,6,2026-08-01
1498,6,2026-08-01
1499,4,2026-08-01
1500,0,2026-08-01
